sample_key,status,row_index,section,primary_section,sections,category,qa_source,qa_index,source_modality,annotation_key,fusion_score,support_score,lexical_support_score,semantic_support_score,semantic_support_raw_cosine,supporting_modality_count,supporting_modalities,modality_reliability,modality_weight_profile,requires_lexical_support,is_outlier,selection_reason,reliability_gate,review_recommended,review_priority,review_reasons,support_level,best_support_modality,best_support_score,best_match_modality,best_match_category,question,answer
cut_carrot,selected,1,motion_and_action,motion_and_action,motion_and_action,event_action,original_modality,,event,event_action,2.919,0.767,0.333,1.0,0.921,3,audio;ir;rgb,0.915,visual_motion,False,False,passed_support_soft_gate,support_soft,False,none,,strong,rgb,0.755,rgb,action,What tool do I use on the carrot?,A vegetable peeler.
cut_carrot,selected,2,motion_and_action,motion_and_action,motion_and_action,action,original_modality,,ir,action,2.85,1.0,1.0,1.0,0.971,4,audio;depth;event;rgb,1.0,visual_motion,False,False,passed_support_soft_gate,support_soft,False,none,,strong,rgb,1.0,rgb,action,What am I doing with the peeler and the carrot?,Peeling the carrot.
cut_carrot,selected,3,counting,counting,counting,counting,original_modality,2,rgb,counting,2.814,0.72,0.6,1.0,0.9,3,depth;event;ir,1.0,visual_count,True,False,passed_support_required_gate,support_required,False,none,,strong,event,0.72,event,event_counting,How many knives are visible?,One
cut_carrot,selected,4,spatial_and_layout,spatial_and_layout,spatial_and_layout;motion_and_action,navigation,original_modality,6,rgb,navigation,2.783,0.694,0.5,0.985,0.893,4,audio;depth;event;ir,1.0,visual_spatial,True,False,passed_support_required_gate,support_required,False,none,,strong,event,0.694,event,event_spatial_reasoning,Where is the peeler relative to the bowl?,To the left of it
cut_carrot,selected,5,temporal_sequence,temporal_sequence,temporal_sequence;motion_and_action,event_scene_sequence,original_modality,,event,event_scene_sequence,2.754,0.712,0.5,0.854,0.827,4,audio;depth;ir;rgb,0.915,temporal,False,False,passed_support_soft_gate,support_soft,False,none,,strong,rgb,0.712,rgb,scene_sequence,What is the final action visible in the full sequence?,Peeling the carrot.
cut_carrot,selected,6,spatial_and_layout,spatial_and_layout,spatial_and_layout;motion_and_action,navigation,original_modality,3,rgb,navigation,2.75,0.667,0.444,1.0,0.932,3,audio;event;ir,1.0,visual_spatial,True,False,passed_support_required_gate,support_required,False,none,,strong,ir,0.667,ir,spatial_reasoning,Where is the knife placed relative to the carrot initially?,To the right
cut_carrot,selected,7,counting,counting,counting,counting,original_modality,6,rgb,counting,2.728,0.648,0.5,0.994,0.897,3,depth;event;ir,1.0,visual_count,True,False,passed_support_required_gate,support_required,False,none,,strong,event,0.648,event,event_counting,How many cutting boards are present?,One
cut_carrot,selected,8,text_and_symbols,text_and_symbols,text_and_symbols;objects_and_attributes,text_recognition,original_modality,2,rgb,text_recognition,2.709,0.383,0.2,0.722,0.761,1,ir,1.0,visual_text,True,False,passed_support_exempt_gate,support_exempt,False,none,,moderate,ir,0.383,ir,non_common,What brand of laptop is on the stove?,Lenovo
cut_carrot,selected,9,text_and_symbols,text_and_symbols,text_and_symbols;objects_and_attributes,text_recognition,original_modality,8,rgb,text_recognition,2.683,0.361,0.154,0.745,0.772,1,ir,1.0,visual_text,True,False,passed_support_exempt_gate,support_exempt,False,none,,moderate,ir,0.346,ir,text_recognition,On which object do you find the 'intel' logo?,The laptop
cut_carrot,selected,10,text_and_symbols,text_and_symbols,text_and_symbols;objects_and_attributes,text_recognition,original_modality,3,rgb,text_recognition,2.682,0.36,0.182,0.69,0.745,1,ir,1.0,visual_text,True,False,passed_support_exempt_gate,support_exempt,False,none,,moderate,ir,0.315,ir,text_recognition,What word is visible on the laptop's processor sticker?,CORE
cut_carrot,selected,11,text_and_symbols,text_and_symbols,text_and_symbols;objects_and_attributes,text_recognition,original_modality,1,rgb,text_recognition,2.678,0.357,0.2,0.648,0.724,2,event;ir,1.0,visual_text,True,False,passed_support_exempt_gate,support_exempt,False,none,,moderate,event,0.338,ir,object_recognition,What brand is written on the handle of the peeler?,Victorinox
cut_carrot,selected,12,counting,counting,counting,counting,original_modality,1,rgb,counting,2.644,0.579,0.5,0.762,0.781,3,depth;event;ir,1.0,visual_count,True,False,passed_support_required_gate,support_required,False,none,,strong,event,0.579,event,event_counting,How many carrots are on the board?,One
cut_carrot,selected,13,counting,counting,counting,counting,original_modality,3,rgb,counting,2.64,0.575,0.5,0.75,0.775,3,depth;event;ir,1.0,visual_count,True,False,passed_support_required_gate,support_required,False,none,,strong,depth,0.543,ir,object_recognition,How many peelers are in the scene?,One
cut_carrot,selected,14,text_and_symbols,text_and_symbols,text_and_symbols;objects_and_attributes,text_recognition,original_modality,6,rgb,text_recognition,2.604,0.295,0.125,0.611,0.705,0,,1.0,visual_text,True,False,passed_support_exempt_gate,support_exempt,False,none,,moderate,ir,0.259,ir,text_recognition,What logo is seen on the lid of the computer?,Lenovo
cut_carrot,selected,15,counting,counting,counting,counting,original_modality,5,rgb,counting,2.598,0.54,0.4,0.867,0.834,3,depth;event;ir,1.0,visual_count,True,False,passed_support_required_gate,support_required,False,none,,strong,ir,0.435,ir,counting,How many laptops are on the stove?,One
cut_carrot,selected,16,spatial_and_layout,spatial_and_layout,spatial_and_layout,spatial_reasoning,original_modality,,ir,spatial_reasoning,2.59,0.7,0.5,1.0,0.932,2,event;rgb,1.0,visual_spatial,True,False,passed_support_required_gate,support_required,False,none,,strong,rgb,0.669,rgb,navigation,Where is the chef's knife positioned relative to the carrot on the cutting board?,To the right.
cut_carrot,selected,17,scene_and_context,scene_and_context,scene_and_context,light_recongnition,original_modality,,ir,light_recongnition,2.582,0.527,0.231,0.769,0.785,1,rgb,1.0,visual_light,False,False,passed_support_exempt_gate,support_exempt,False,none,,strong,rgb,0.527,rgb,light_change,Which object besides the overhead light contributes to the illumination of the counter?,The laptop screen.
cut_carrot,selected,18,scene_and_context,scene_and_context,scene_and_context,light_change,original_modality,,ir,light_change,2.576,0.521,0.111,0.857,0.829,2,depth;rgb,1.0,visual_light,False,False,passed_support_exempt_gate,support_exempt,False,none,,strong,rgb,0.516,rgb,light_change,Does the environment get darker or brighter as the video progresses into the night frames?,Darker.
cut_carrot,selected,19,text_and_symbols,text_and_symbols,text_and_symbols;objects_and_attributes,text_recognition,original_modality,5,rgb,text_recognition,2.575,0.271,0.167,0.464,0.632,0,,1.0,visual_text,True,False,passed_support_exempt_gate,support_exempt,False,none,,moderate,depth,0.269,ir,object_recognition,Is there any text on the white bowl?,No
cut_carrot,selected,20,spatial_and_layout,spatial_and_layout,spatial_and_layout;motion_and_action,navigation,original_modality,1,rgb,navigation,2.56,0.508,0.3,0.82,0.81,1,event,1.0,visual_spatial,True,False,passed_support_required_gate,support_required,False,none,,strong,event,0.508,event,event_navigation,Where should I move my hand to reach the bowl?,To the right
cut_carrot,selected,21,spatial_and_layout,spatial_and_layout,spatial_and_layout;motion_and_action,navigation,original_modality,8,rgb,navigation,2.559,0.507,0.375,0.706,0.753,2,event;ir,1.0,visual_spatial,True,False,passed_support_required_gate,support_required,False,none,,strong,ir,0.507,ir,spatial_reasoning,Where are my hands positioned during cutting?,In the center of the board
cut_carrot,selected,22,spatial_and_layout,spatial_and_layout,spatial_and_layout;motion_and_action,navigation,original_modality,2,rgb,navigation,2.548,0.498,0.333,0.745,0.773,2,depth;ir,1.0,visual_spatial,True,False,passed_support_required_gate,support_required,False,none,,strong,depth,0.399,ir,non_common,In which direction is the laptop located?,To the left
cut_carrot,selected,23,objects_and_attributes,objects_and_attributes,objects_and_attributes,object_recognition,original_modality,,rgb,object_recognition,2.537,0.489,0.214,0.826,0.813,1,ir,1.0,visual_object,False,False,passed_support_required_gate,support_required,False,none,,strong,ir,0.489,ir,non_common,What electronic device is situated on the black stovetop to the left of the cutting board?,A grey laptop.
cut_carrot,selected,24,temporal_sequence,temporal_sequence,temporal_sequence;motion_and_action,scene_sequence,original_modality,3,rgb,scene_sequence,2.511,0.718,0.5,0.863,0.832,3,audio;event;ir,1.0,temporal,False,False,passed_support_soft_gate,support_soft,False,none,,strong,event,0.712,audio,audio_chronological_caption,What action follows the peeling of the carrot?,Slicing with a knife
cut_carrot,selected,25,objects_and_attributes,objects_and_attributes,objects_and_attributes,object_recognition,original_modality,,ir,object_recognition,2.502,0.544,0.273,0.875,0.837,3,audio;event;rgb,1.0,visual_object,False,False,passed_support_required_gate,support_required,False,none,,strong,rgb,0.521,event,event_action,What items are placed on the white cutting board at the start of the video?,"A peeler, a carrot, and a knife."
cut_carrot,selected,26,scene_and_context,scene_and_context,scene_and_context,light_change,original_modality,8,rgb,light_change,2.492,0.535,0.222,0.791,0.796,2,depth;ir,1.0,visual_light,False,False,passed_support_exempt_gate,support_exempt,False,none,,strong,ir,0.473,ir,light_change,Does the shadow intensity change significantly?,No
cut_carrot,selected,27,spatial_and_layout,spatial_and_layout,spatial_and_layout;motion_and_action,navigation,original_modality,10,rgb,navigation,2.483,0.444,0.3,0.66,0.73,2,event;ir,1.0,visual_spatial,True,False,passed_support_required_gate,support_required,False,none,,moderate,event,0.402,event,event_navigation,How do I reach the laptop from the cutting board?,Move your hand to the left
cut_carrot,selected,28,scene_and_context,scene_and_context,scene_and_context,light_change,original_modality,4,rgb,light_change,2.482,0.527,0.231,0.769,0.785,1,ir,1.0,visual_light,False,False,passed_support_exempt_gate,support_exempt,False,none,,strong,ir,0.527,ir,light_recongnition,Does the laptop screen provide a significant change in light?,No
cut_carrot,selected,29,counting,counting,counting,counting,original_modality,10,rgb,counting,2.478,0.44,0.25,0.884,0.842,3,audio;event;ir,1.0,visual_count,True,False,passed_support_required_gate,support_required,False,none,,moderate,ir,0.387,event,event_action,How many tools total are used for the carrot preparation?,Two (peeler and knife)
cut_carrot,selected,30,scene_and_context,scene_and_context,scene_and_context,light_change,original_modality,2,rgb,light_change,2.47,0.516,0.1,0.857,0.829,2,depth;ir,1.0,visual_light,False,False,passed_support_exempt_gate,support_exempt,False,none,,strong,ir,0.516,ir,light_change,Is the scene getting darker as I work?,No
cut_carrot,selected,31,scene_and_context,scene_and_context,scene_and_context,light_change,original_modality,3,rgb,light_change,2.463,0.51,0.286,0.694,0.747,3,depth;event;ir,1.0,visual_light,False,False,passed_support_exempt_gate,support_exempt,False,none,,strong,depth,0.481,depth,depth_dynamic_recognition,Does the light source move?,No
cut_carrot,selected,32,motion_and_action,motion_and_action,motion_and_action,action,original_modality,4,rgb,action,2.456,0.672,0.25,0.899,0.85,3,audio;event;ir,1.0,visual_motion,False,False,passed_support_soft_gate,support_soft,False,none,,strong,ir,0.655,ir,action,What happens to the carrot after it is peeled?,It is sliced into strips
cut_carrot,selected,33,motion_and_action,motion_and_action,motion_and_action,action,original_modality,3,rgb,action,2.456,0.672,0.182,0.936,0.868,3,audio;event;ir,1.0,visual_motion,False,False,passed_support_soft_gate,support_soft,False,none,,strong,ir,0.672,ir,action,Why am I holding the carrot over the bowl?,To catch the peels
cut_carrot,selected,34,scene_and_context,scene_and_context,scene_and_context,light_change,original_modality,6,rgb,light_change,2.455,0.504,0.111,0.826,0.813,2,depth;ir,1.0,visual_light,False,False,passed_support_exempt_gate,support_exempt,False,none,,strong,ir,0.504,ir,light_change,Is it getting brighter towards the end?,No
cut_carrot,selected,35,motion_and_action,motion_and_action,motion_and_action;counting,dynamic_counting,original_modality,2,rgb,dynamic_counting,2.449,0.666,0.429,0.956,0.878,3,depth;event;ir,1.0,visual_motion,True,False,passed_support_soft_gate,support_soft,False,none,,strong,event,0.666,event,event_counting,How many knives are used for slicing?,One
cut_carrot,selected,36,motion_and_action,motion_and_action,motion_and_action;counting,dynamic_counting,original_modality,,ir,dynamic_counting,2.438,0.657,0.5,0.848,0.824,3,depth;event;rgb,1.0,visual_motion,True,False,passed_support_soft_gate,support_soft,False,none,,strong,rgb,0.618,rgb,counting,How many hands enter the frame to pick up the tools?,Two.
cut_carrot,selected,37,counting,counting,counting,depth_counting,original_modality,4,depth,depth_counting,2.436,0.466,0.429,0.553,0.676,1,rgb,0.879,visual_count,True,False,passed_support_required_gate,support_required,False,none,,strong,rgb,0.436,rgb,dynamic_counting,How many main paths are being followed?,One
cut_carrot,selected,38,temporal_sequence,temporal_sequence,temporal_sequence;motion_and_action,scene_sequence,original_modality,1,rgb,scene_sequence,2.433,0.653,0.333,0.865,0.833,3,audio;event;ir,1.0,temporal,False,False,passed_support_soft_gate,support_soft,False,none,,strong,event,0.653,event,event_action,What is the first tool I pick up?,The peeler
cut_carrot,selected,39,spatial_and_layout,spatial_and_layout,spatial_and_layout,spatial_reasoning,original_modality,,rgb,spatial_reasoning,2.432,0.485,0.3,0.763,0.782,2,event;ir,1.0,visual_spatial,True,False,passed_support_required_gate,support_required,False,none,,strong,ir,0.485,ir,spatial_reasoning,Where is the white bowl located in relation to the cutting board?,To the right.
cut_carrot,selected,40,counting,counting,counting,counting,original_modality,4,rgb,counting,2.425,0.396,0.333,0.542,0.671,2,depth;event,1.0,visual_count,True,False,passed_support_required_gate,support_required,False,none,,moderate,depth,0.391,event,event_counting,How many white bowls are used?,One
cut_carrot,selected,41,motion_and_action,motion_and_action,motion_and_action,action,original_modality,2,rgb,action,2.408,0.632,0.273,0.825,0.812,3,audio;event;ir,1.0,visual_motion,False,False,passed_support_soft_gate,support_soft,False,none,,strong,event,0.606,event,event_action,What is the purpose of the knife?,To slice the carrot
cut_carrot,selected,42,counting,counting,counting,depth_counting,original_modality,7,depth,depth_counting,2.385,0.423,0.333,0.632,0.716,3,event;ir;rgb,0.879,visual_count,True,False,passed_support_required_gate,support_required,False,none,,moderate,rgb,0.392,rgb,counting,How many poles are in the immediate foreground at the start?,Two
cut_carrot,selected,43,spatial_and_layout,spatial_and_layout,spatial_and_layout;motion_and_action,navigation,original_modality,4,rgb,navigation,2.385,0.362,0.167,0.656,0.728,1,ir,1.0,visual_spatial,True,False,passed_support_required_gate,support_required,False,none,,moderate,ir,0.305,ir,navigation,"To clear the board, where do I move the cut strips?",Towards the top of the board
cut_carrot,selected,44,counting,counting,counting,depth_counting,original_modality,3,depth,depth_counting,2.38,0.419,0.333,0.618,0.709,2,event;rgb,0.879,visual_count,True,False,passed_support_required_gate,support_required,False,none,,moderate,rgb,0.419,rgb,counting,How many flat ground planes are visible?,One
cut_carrot,selected,45,spatial_and_layout,spatial_and_layout,spatial_and_layout;motion_and_action,navigation,original_modality,7,rgb,navigation,2.375,0.354,0.133,0.686,0.743,2,audio;ir,1.0,visual_spatial,True,False,passed_support_required_gate,support_required,False,none,,moderate,ir,0.321,ir,spatial_reasoning,Which way do I move the knife to slice?,Downwards
cut_carrot,selected,46,counting,counting,counting,depth_counting,original_modality,1,depth,depth_counting,2.372,0.412,0.333,0.595,0.697,2,event;rgb,0.879,visual_count,True,False,passed_support_required_gate,support_required,False,none,,moderate,rgb,0.393,rgb,dynamic_counting,How many distinct vertical poles can be counted on the left?,Five
cut_carrot,selected,47,counting,counting,counting,event_counting,original_modality,,event,event_counting,2.363,0.72,0.6,1.0,0.9,3,depth;ir;rgb,0.915,visual_count,True,False,passed_support_required_gate,support_required,False,none,,strong,rgb,0.72,rgb,counting,How many knives are on the cutting board?,One.
cut_carrot,selected,48,motion_and_action,motion_and_action,motion_and_action,action,original_modality,7,rgb,action,2.355,0.587,0.2,0.796,0.798,3,audio;event;ir,1.0,visual_motion,False,False,passed_support_soft_gate,support_soft,False,none,,strong,ir,0.571,ir,action,What is the intended consequence of the cutting?,Creating thin carrot strips for cooking
cut_carrot,selected,49,motion_and_action,motion_and_action,motion_and_action;counting,dynamic_counting,original_modality,3,rgb,dynamic_counting,2.346,0.58,0.429,0.764,0.782,4,audio;depth;event;ir,1.0,visual_motion,True,False,passed_support_soft_gate,support_soft,False,none,,strong,depth,0.44,ir,action,How many carrots are being processed?,One
cut_carrot,selected,50,temporal_sequence,temporal_sequence,temporal_sequence;motion_and_action,scene_sequence,original_modality,4,rgb,scene_sequence,2.343,0.577,0.25,0.795,0.798,3,audio;event;ir,1.0,temporal,False,False,passed_support_soft_gate,support_soft,False,none,,strong,event,0.577,event,event_action,What tool is used after the peeler is put down?,A chef's knife
cut_carrot,selected,51,temporal_sequence,temporal_sequence,temporal_sequence;motion_and_action,scene_sequence,original_modality,10,rgb,scene_sequence,2.338,0.573,0.214,0.813,0.806,3,audio;event;ir,1.0,temporal,False,False,passed_support_soft_gate,support_soft,False,none,,strong,ir,0.573,ir,action,What did I do immediately after finishing peeling?,Set down the peeler and picked up the knife
cut_carrot,selected,52,scene_and_context,scene_and_context,scene_and_context,light_change,original_modality,5,rgb,light_change,2.336,0.405,0.2,0.573,0.687,1,ir,1.0,visual_light,False,False,passed_support_exempt_gate,support_exempt,False,none,,moderate,ir,0.405,ir,light_recongnition,Is there a flickering of the overhead light?,No
cut_carrot,selected,53,counting,counting,counting,depth_counting,original_modality,5,depth,depth_counting,2.331,0.378,0.286,0.593,0.697,1,rgb,0.879,visual_count,True,False,passed_support_required_gate,support_required,False,none,,moderate,rgb,0.356,rgb,light_change,How many distinct depth layers are in the far background?,Three
cut_carrot,selected,54,temporal_sequence,temporal_sequence,temporal_sequence;motion_and_action,scene_sequence,original_modality,6,rgb,scene_sequence,2.315,0.554,0.25,0.757,0.779,4,audio;depth;event;ir,1.0,temporal,False,False,passed_support_soft_gate,support_soft,False,none,,strong,event,0.554,event,event_scene_sequence,What is the sequence of tasks performed?,"Peeling, then slicing"
cut_carrot,selected,55,motion_and_action,motion_and_action,motion_and_action,action,original_modality,6,rgb,action,2.315,0.554,0.25,0.717,0.759,4,audio;depth;event;ir,1.0,visual_motion,False,False,passed_support_soft_gate,support_soft,False,none,,strong,event,0.554,event,event_counting,Am I using a cutting board?,Yes
cut_carrot,selected,56,temporal_sequence,temporal_sequence,temporal_sequence;motion_and_action,scene_sequence,original_modality,2,rgb,scene_sequence,2.308,0.548,0.231,0.76,0.78,3,audio;event;ir,1.0,temporal,False,False,passed_support_soft_gate,support_soft,False,none,,strong,ir,0.538,event,event_object_recognition,What object is used to collect the carrot skin?,A white bowl
cut_carrot,selected,57,counting,counting,counting,counting,original_modality,,ir,counting,2.302,0.46,0.286,0.867,0.834,3,depth;event;rgb,1.0,visual_count,True,False,passed_support_required_gate,support_required,False,none,,strong,rgb,0.435,rgb,counting,How many electronic devices are visible on the counter?,One laptop.
cut_carrot,selected,58,motion_and_action,motion_and_action,motion_and_action,action,original_modality,8,rgb,action,2.298,0.54,0.167,0.741,0.771,3,depth;event;ir,1.0,visual_motion,False,False,passed_support_soft_gate,support_soft,False,none,,strong,depth,0.482,depth,depth_dynamic_recognition,Are my hands moving quickly or carefully?,Carefully
cut_carrot,selected,59,spatial_and_layout,spatial_and_layout,spatial_and_layout;motion_and_action,depth_navigation,original_modality,,depth,depth_navigation,2.284,0.339,0.2,0.548,0.674,1,rgb,0.879,visual_spatial,True,False,passed_support_required_gate,support_required,False,none,,moderate,rgb,0.339,rgb,navigation,In which direction does the safe navigable path extend?,Straight forward.
cut_carrot,selected,60,motion_and_action,motion_and_action,motion_and_action,dynamic_recognition,original_modality,,rgb,dynamic_recognition,2.264,0.595,0.182,0.817,0.809,4,audio;depth;event;ir,1.0,visual_motion,False,False,passed_support_soft_gate,support_soft,False,none,,strong,audio,0.56,audio,audio_hia,When do I begin the action of slicing the carrot segments with the knife?,At frame 003270.
cut_carrot,selected,61,scene_and_context,scene_and_context,scene_and_context,light_change,original_modality,1,rgb,light_change,2.261,0.343,0.222,0.442,0.621,1,depth,1.0,visual_light,False,False,passed_support_exempt_gate,support_exempt,False,none,,moderate,depth,0.342,ir,light_recongnition,Did the kitchen lights turn off at any point?,No
cut_carrot,selected,62,motion_and_action,motion_and_action,motion_and_action;counting,dynamic_counting,original_modality,1,rgb,dynamic_counting,2.256,0.505,0.333,0.714,0.757,3,depth;event;ir,1.0,visual_motion,True,False,passed_support_soft_gate,support_soft,False,none,,strong,depth,0.438,ir,action,How many peelers move during the peeling process?,One
cut_carrot,selected,63,temporal_sequence,temporal_sequence,temporal_sequence;motion_and_action,scene_sequence,original_modality,8,rgb,scene_sequence,2.254,0.503,0.2,0.705,0.752,3,depth;event;ir,1.0,temporal,False,False,passed_support_soft_gate,support_soft,False,none,,strong,ir,0.452,event,event_counting,What is the last tool I am seen holding?,The knife
cut_carrot,selected,64,motion_and_action,motion_and_action,motion_and_action,action,original_modality,5,rgb,action,2.251,0.501,0.182,0.672,0.736,4,audio;depth;event;ir,1.0,visual_motion,False,False,passed_support_soft_gate,support_soft,False,none,,strong,ir,0.484,ir,object_recognition,What kind of cut am I making with the knife?,Slicing/Julienning
cut_carrot,selected,65,scene_and_context,scene_and_context,scene_and_context,light_change,original_modality,7,rgb,light_change,2.241,0.326,0.1,0.51,0.655,1,depth,1.0,visual_light,False,False,passed_support_exempt_gate,support_exempt,False,none,,moderate,depth,0.315,ir,light_change,"Did any external light, like car headlights, pass through the scene?",No
cut_carrot,selected,66,spatial_and_layout,spatial_and_layout,spatial_and_layout,event_spatial_reasoning,original_modality,,event,event_spatial_reasoning,2.232,0.694,0.5,0.985,0.893,4,audio;depth;ir;rgb,0.915,visual_spatial,True,False,passed_support_required_gate,support_required,False,none,,strong,rgb,0.694,rgb,navigation,Where is the peeler located relative to the carrot before I pick it up?,To its left.
cut_carrot,selected,67,motion_and_action,motion_and_action,motion_and_action;counting,dynamic_counting,original_modality,7,rgb,dynamic_counting,2.214,0.47,0.273,0.712,0.756,3,depth;event;ir,1.0,visual_motion,True,False,passed_support_soft_gate,support_soft,False,none,,strong,event,0.47,event,event_counting,How many cutting boards are shifted during the action?,None (it remains stationary)
cut_carrot,selected,68,motion_and_action,motion_and_action,motion_and_action;counting,dynamic_counting,original_modality,5,rgb,dynamic_counting,2.2,0.458,0.25,0.712,0.756,4,audio;depth;event;ir,1.0,visual_motion,True,False,passed_support_soft_gate,support_soft,False,none,,strong,depth,0.393,ir,action,How many bowls are used to catch the movement of the peels?,One
cut_carrot,selected,69,motion_and_action,motion_and_action,motion_and_action;counting,dynamic_counting,original_modality,4,rgb,dynamic_counting,2.194,0.454,0.222,0.736,0.768,2,depth;event,1.0,visual_motion,True,False,passed_support_soft_gate,support_soft,False,none,,strong,depth,0.435,depth,depth_action,Do any objects other than the tools and food move?,No
cut_carrot,selected,70,motion_and_action,motion_and_action,motion_and_action;counting,dynamic_counting,original_modality,8,rgb,dynamic_counting,2.194,0.453,0.286,0.658,0.729,2,depth;event,1.0,visual_motion,True,False,passed_support_soft_gate,support_soft,False,none,,strong,depth,0.453,depth,depth_action,Do any new objects enter the scene while I am cutting?,No
cut_carrot,selected,71,objects_and_attributes,objects_and_attributes,objects_and_attributes,event_object_recognition,original_modality,,event,event_object_recognition,2.152,0.544,0.333,0.801,0.801,3,audio;ir;rgb,0.915,visual_object,False,False,passed_support_required_gate,support_required,False,none,,strong,rgb,0.51,ir,action,What object do I pick up first after my hand enters the scene?,The carrot.
cut_carrot,selected,72,temporal_sequence,temporal_sequence,temporal_sequence;motion_and_action,scene_sequence,original_modality,7,rgb,scene_sequence,2.141,0.409,0.143,0.587,0.694,3,depth;event;ir,1.0,temporal,False,False,passed_support_soft_gate,support_soft,False,none,,moderate,event,0.371,depth,depth_counting,Was the bowl empty or full at the start?,Empty
cut_carrot,selected,73,motion_and_action,motion_and_action,motion_and_action,depth_dynamic_recognition,original_modality,1,depth,depth_dynamic_recognition,2.135,0.632,0.429,0.741,0.771,3,event;ir;rgb,0.879,visual_motion,False,False,passed_support_soft_gate,support_soft,False,none,,strong,rgb,0.546,rgb,action,Does any object move toward me?,"Yes, one later"
cut_carrot,selected,74,motion_and_action,motion_and_action,motion_and_action,depth_dynamic_recognition,original_modality,2,depth,depth_dynamic_recognition,2.088,0.592,0.333,0.732,0.766,3,event;ir;rgb,0.879,visual_motion,False,False,passed_support_soft_gate,support_soft,False,none,,strong,event,0.592,event,event_dynamic_recognition,When did a small object appear in the distance?,Frame
cut_carrot,selected,75,motion_and_action,motion_and_action,motion_and_action,depth_action,original_modality,4,depth,depth_action,2.083,0.588,0.167,0.815,0.808,3,event;ir;rgb,0.879,visual_motion,False,False,passed_support_soft_gate,support_soft,False,none,,strong,ir,0.53,ir,navigation,Am I turning left or right?,No
cut_carrot,selected,76,motion_and_action,motion_and_action,motion_and_action,depth_action,original_modality,1,depth,depth_action,2.082,0.587,0.375,0.702,0.751,3,event;ir;rgb,0.879,visual_motion,False,False,passed_support_soft_gate,support_soft,False,none,,strong,rgb,0.456,rgb,light_change,What am I doing in the scene?,Moving forward
cut_carrot,selected,77,motion_and_action,motion_and_action,motion_and_action,depth_action,original_modality,2,depth,depth_action,2.072,0.579,0.286,0.736,0.768,2,event;rgb,0.879,visual_motion,False,False,passed_support_soft_gate,support_soft,False,none,,strong,rgb,0.527,rgb,dynamic_counting,Am I interacting with any objects?,No
cut_carrot,selected,78,motion_and_action,motion_and_action,motion_and_action,depth_dynamic_recognition,original_modality,8,depth,depth_dynamic_recognition,2.039,0.551,0.143,0.771,0.786,3,event;ir;rgb,0.879,visual_motion,False,False,passed_support_soft_gate,support_soft,False,none,,strong,event,0.54,event,event_non_common,Is any moving object at a close range?,No
cut_carrot,selected,79,motion_and_action,motion_and_action,motion_and_action,depth_action,original_modality,7,depth,depth_action,2.033,0.546,0.333,0.661,0.73,3,event;ir;rgb,0.879,visual_motion,False,False,passed_support_soft_gate,support_soft,False,none,,strong,ir,0.454,ir,navigation,Which direction is my primary movement intent?,Forward
cut_carrot,selected,80,spatial_and_layout,spatial_and_layout,spatial_and_layout;motion_and_action,event_navigation,original_modality,,event,event_navigation,2.009,0.508,0.3,0.82,0.81,3,depth;ir;rgb,0.915,visual_spatial,True,False,passed_support_required_gate,support_required,False,none,,strong,rgb,0.508,rgb,navigation,In what direction does my hand move to reach the carrot?,Bottom to center.
cut_carrot,selected,81,motion_and_action,motion_and_action,motion_and_action,depth_action,original_modality,5,depth,depth_action,1.982,0.504,0.25,0.641,0.72,3,event;ir;rgb,0.879,visual_motion,False,False,passed_support_soft_gate,support_soft,False,none,,strong,rgb,0.417,rgb,light_change,Am I stopping at any point?,No
cut_carrot,selected,82,motion_and_action,motion_and_action,motion_and_action;counting,depth_dynamic_counting,original_modality,7,depth,depth_dynamic_counting,1.967,0.491,0.333,0.684,0.742,2,event;rgb,0.879,visual_motion,True,False,passed_support_soft_gate,support_soft,False,none,,strong,rgb,0.438,rgb,dynamic_counting,How many objects move between depth layers on the left?,Zero
cut_carrot,selected,83,motion_and_action,motion_and_action,motion_and_action,depth_action,original_modality,6,depth,depth_action,1.965,0.489,0.143,0.676,0.738,1,rgb,0.879,visual_motion,False,False,passed_support_soft_gate,support_soft,False,none,,strong,rgb,0.446,rgb,action,Is my speed changing significantly?,No
cut_carrot,selected,84,motion_and_action,motion_and_action,motion_and_action,depth_action,original_modality,8,depth,depth_action,1.939,0.468,0.167,0.631,0.715,3,event;ir;rgb,0.879,visual_motion,False,False,passed_support_soft_gate,support_soft,False,none,,strong,rgb,0.468,rgb,action,Am I moving through a doorway?,No
cut_carrot,selected,85,motion_and_action,motion_and_action,motion_and_action,depth_action,original_modality,3,depth,depth_action,1.933,0.463,0.222,0.592,0.696,3,event;ir;rgb,0.879,visual_motion,False,False,passed_support_soft_gate,support_soft,False,none,,strong,rgb,0.463,rgb,light_change,How does the distance to the poles change?,It decreases
cut_carrot,selected,86,motion_and_action,motion_and_action,motion_and_action,depth_dynamic_recognition,original_modality,6,depth,depth_dynamic_recognition,1.911,0.445,0.125,0.617,0.708,3,event;ir;rgb,0.879,visual_motion,False,False,passed_support_soft_gate,support_soft,False,none,,moderate,ir,0.401,ir,dynamic_recognition,When does the second moving blob appear?,Frame
cut_carrot,selected,87,motion_and_action,motion_and_action,motion_and_action,depth_dynamic_recognition,original_modality,4,depth,depth_dynamic_recognition,1.895,0.431,0.167,0.574,0.687,2,event;rgb,0.879,visual_motion,False,False,passed_support_soft_gate,support_soft,False,none,,moderate,rgb,0.385,event,event_non_common,Is there a vehicle moving away from me?,No
cut_carrot,selected,88,motion_and_action,motion_and_action,motion_and_action;counting,depth_dynamic_counting,original_modality,6,depth,depth_dynamic_counting,1.882,0.421,0.3,0.568,0.684,2,event;rgb,0.879,visual_motion,True,False,passed_support_soft_gate,support_soft,False,none,,moderate,rgb,0.399,rgb,dynamic_counting,How many animals are seen moving?,Zero
cut_carrot,selected,89,motion_and_action,motion_and_action,motion_and_action;counting,depth_dynamic_counting,original_modality,1,depth,depth_dynamic_counting,1.841,0.387,0.286,0.51,0.655,2,event;rgb,0.879,visual_motion,True,False,passed_support_soft_gate,support_soft,False,none,,moderate,rgb,0.361,ir,navigation,How many cars approach me from the front?,Zero
wash_hands,selected,1,motion_and_action,motion_and_action,motion_and_action,event_action,original_modality,1,event,event_action,2.621,0.392,0.048,0.578,0.689,1,audio,1.0,visual_motion,False,False,passed_support_soft_gate,support_soft,False,none,,moderate,audio,0.392,audio,audio_hia,What am I doing with the camera at the start?,"Panning,"
wash_hands,selected,2,motion_and_action,motion_and_action,motion_and_action,event_dynamic_recognition,original_modality,7,event,event_dynamic_recognition,2.596,0.371,0.048,0.546,0.673,1,audio,1.0,visual_motion,False,False,passed_support_soft_gate,support_soft,False,none,,moderate,audio,0.371,audio,audio_hia,Does the camera stop at a specific object?,"Yes,"
wash_hands,selected,3,motion_and_action,motion_and_action,motion_and_action,event_dynamic_recognition,original_modality,4,event,event_dynamic_recognition,2.525,0.312,0.0,0.48,0.64,1,audio,1.0,visual_motion,False,False,passed_support_soft_gate,support_soft,False,none,,moderate,audio,0.312,audio,audio_chronological_caption,Has a chair been moved during the recording?,"No,"
wash_hands,selected,4,motion_and_action,motion_and_action,motion_and_action,event_action,original_modality,3,event,event_action,2.516,0.305,0.006,0.466,0.633,1,audio,1.0,visual_motion,False,False,passed_support_soft_gate,support_soft,False,none,,moderate,audio,0.305,audio,audio_chronological_caption,Am I looking at the floor at any point?,"Yes,"
wash_hands,selected,5,motion_and_action,motion_and_action,motion_and_action,event_action,original_modality,5,event,event_action,2.476,0.271,0.006,0.415,0.607,0,,1.0,visual_motion,False,False,passed_support_soft_gate,support_soft,False,none,,moderate,audio,0.271,audio,audio_chronological_caption,Do I move closer to the desk at the end?,"Yes,"
wash_hands,selected,6,motion_and_action,motion_and_action,motion_and_action,event_action,original_modality,4,event,event_action,2.455,0.254,0.0,0.39,0.595,0,,1.0,visual_motion,False,False,passed_support_soft_gate,support_soft,False,none,,moderate,audio,0.254,audio,audio_chronological_caption,Do I interact physically with any keyboard?,"No,"
wash_hands,selected,7,motion_and_action,motion_and_action,motion_and_action,event_dynamic_recognition,original_modality,6,event,event_dynamic_recognition,2.452,0.252,0.0,0.387,0.594,0,,1.0,visual_motion,False,False,passed_support_soft_gate,support_soft,False,none,,moderate,audio,0.252,audio,audio_chronological_caption,Does a screen flicker or change content?,"No,"
wash_hands,selected,8,motion_and_action,motion_and_action,motion_and_action;counting,event_dynamic_counting,original_modality,1,event,event_dynamic_counting,2.438,0.24,0.043,0.481,0.64,0,,1.0,visual_motion,True,False,passed_support_soft_gate,support_soft,False,none,,moderate,audio,0.219,audio,audio_chronological_caption,How many people do I see moving in the room?,"0,"
wash_hands,selected,9,motion_and_action,motion_and_action,motion_and_action,event_dynamic_recognition,original_modality,1,event,event_dynamic_recognition,2.417,0.223,0.006,0.34,0.57,0,,1.0,visual_motion,False,False,passed_support_soft_gate,support_soft,False,none,,moderate,audio,0.223,audio,audio_chronological_caption,Does a person walk across my view?,"No,"
wash_hands,selected,10,motion_and_action,motion_and_action,motion_and_action,event_dynamic_recognition,original_modality,5,event,event_dynamic_recognition,2.41,0.216,0.0,0.333,0.566,0,,1.0,visual_motion,False,False,passed_support_soft_gate,support_soft,False,none,,moderate,audio,0.216,audio,audio_chronological_caption,Did I see a car through a window?,"No,"
wash_hands,selected,11,motion_and_action,motion_and_action,motion_and_action,event_dynamic_recognition,original_modality,2,event,event_dynamic_recognition,2.406,0.213,0.006,0.325,0.563,0,,1.0,visual_motion,False,False,passed_support_soft_gate,support_soft,False,none,,moderate,audio,0.213,audio,audio_chronological_caption,When does the second monitor appear?,"Frame 30,"
wash_hands,selected,12,motion_and_action,motion_and_action,motion_and_action,event_action,original_modality,7,event,event_action,2.4,0.209,0.006,0.318,0.559,0,,1.0,visual_motion,False,False,passed_support_soft_gate,support_soft,False,none,,moderate,audio,0.209,audio,audio_chronological_caption,How long do I spend looking at the chairs?,"Briefly,"
wash_hands,selected,13,motion_and_action,motion_and_action,motion_and_action,event_action,original_modality,8,event,event_action,2.377,0.189,0.0,0.291,0.546,0,,1.0,visual_motion,False,False,passed_support_soft_gate,support_soft,False,none,,moderate,audio,0.189,audio,audio_chronological_caption,Do I pick up any objects?,No
wash_hands,selected,14,motion_and_action,motion_and_action,motion_and_action,event_dynamic_recognition,original_modality,3,event,event_dynamic_recognition,2.376,0.189,0.0,0.29,0.545,0,,1.0,visual_motion,False,False,passed_support_soft_gate,support_soft,False,none,,moderate,audio,0.189,audio,audio_chronological_caption,Does any monitor move on its own?,"No,"
wash_hands,selected,15,motion_and_action,motion_and_action,motion_and_action,event_action,original_modality,2,event,event_action,2.363,0.177,0.0,0.273,0.536,0,,1.0,visual_motion,False,False,passed_support_soft_gate,support_soft,False,none,,moderate,audio,0.177,audio,audio_hia,Which direction am I panning?,"Left,"
wash_hands,selected,16,motion_and_action,motion_and_action,motion_and_action,event_action,original_modality,6,event,event_action,2.36,0.175,0.0,0.27,0.535,0,,1.0,visual_motion,False,False,passed_support_soft_gate,support_soft,False,none,,moderate,audio,0.175,audio,audio_chronological_caption,Am I inspecting the PC tower or the monitor first?,"PC tower,"
wash_hands,selected,17,motion_and_action,motion_and_action,motion_and_action,event_dynamic_recognition,original_modality,8,event,event_dynamic_recognition,2.352,0.168,0.0,0.259,0.53,0,,1.0,visual_motion,False,False,passed_support_soft_gate,support_soft,False,none,,moderate,audio,0.168,audio,audio_chronological_caption,Do any cables move independently?,No
wash_hands,selected,18,temporal_sequence,temporal_sequence,temporal_sequence;motion_and_action,event_scene_sequence,original_modality,,event,event_scene_sequence,2.247,0.248,0.04,0.386,0.593,0,,1.0,temporal,False,False,passed_support_soft_gate,support_soft,False,none,,moderate,audio,0.248,audio,audio_hia,Do I see the office chairs before or after the camera pans across the first monitor?,After.
cut_carrot,review,1,motion_and_action,motion_and_action,motion_and_action,event_dynamic_recognition,original_modality,,event,event_dynamic_recognition,2.85,0.709,0.333,0.912,0.856,3,depth;ir;rgb,0.915,visual_motion,False,False,passed_support_soft_gate,support_soft,True,high,possible_numeric_conflict,strong,ir,0.628,ir,dynamic_recognition,When did my hand first appear in the scene?,Frame 60.
cut_carrot,review,2,motion_and_action,motion_and_action,motion_and_action;counting,event_dynamic_counting,original_modality,,event,event_dynamic_counting,2.799,0.667,0.5,0.87,0.835,3,depth;ir;rgb,0.915,visual_motion,True,False,passed_support_soft_gate,support_soft,True,high,possible_numeric_conflict,strong,rgb,0.627,rgb,counting,How many hands enter the field of view?,One.
cut_carrot,review,3,audio_understanding,audio_understanding,audio_understanding,audio_hia,caption_fallback,,audio,audio_hia,2.769,0.696,0.182,0.916,0.858,3,event;ir;rgb,0.723,audio,False,False,passed_support_exempt_gate,support_exempt,True,low,caption_fallback,strong,rgb,0.669,rgb,action,What audio cue is described?,00:04 - 00:26: Peel carrot
cut_carrot,review,4,text_and_symbols,text_and_symbols,text_and_symbols;objects_and_attributes,text_recognition,original_modality,4,rgb,text_recognition,2.742,0.41,0.25,0.707,0.753,1,event,1.0,visual_text,True,False,passed_support_exempt_gate,support_exempt,True,high,category_mismatch_spatial_hint,moderate,event,0.41,event,event_spatial_reasoning,Where is the 'VICTORINOX' text located?,On the peeler's handle
cut_carrot,review,5,audio_understanding,audio_understanding,audio_understanding;temporal_sequence,audio_chronological_caption,caption_fallback,,audio,audio_chronological_caption,2.674,0.617,0.041,0.863,0.832,3,event;ir;rgb,0.723,audio,False,False,passed_support_exempt_gate,support_exempt,True,medium,caption_fallback;semantic_high_lexical_low,strong,rgb,0.613,rgb,scene_sequence,What sound is described?,knife blade scraping across the board is heard
cut_carrot,review,6,text_and_symbols,text_and_symbols,text_and_symbols;objects_and_attributes,text_recognition,original_modality,7,rgb,text_recognition,2.664,0.345,0.2,0.614,0.707,1,ir,1.0,visual_text,True,False,passed_support_exempt_gate,support_exempt,True,high,category_mismatch_counting_hint;possible_numeric_conflict,moderate,ir,0.315,ir,counting,How many brand names can be read in the scene?,"At least three (Victorinox, Lenovo, Intel)"
cut_carrot,review,7,counting,counting,counting,counting,original_modality,7,rgb,counting,2.623,0.561,0.429,0.87,0.835,3,depth;event;ir,1.0,visual_count,True,False,passed_support_required_gate,support_required,True,high,possible_numeric_conflict,strong,event,0.561,event,event_dynamic_counting,How many hands are interacting with the objects?,Two
cut_carrot,review,8,counting,counting,counting,depth_counting,original_modality,2,depth,depth_counting,2.558,0.567,0.5,0.724,0.762,3,event;ir;rgb,0.879,visual_count,True,False,passed_support_required_gate,support_required,True,high,possible_numeric_conflict,strong,rgb,0.543,rgb,counting,How many large circular objects are on the right?,One
cut_carrot,review,9,temporal_sequence,temporal_sequence,temporal_sequence;motion_and_action,scene_sequence,original_modality,9,rgb,scene_sequence,2.555,0.754,0.5,0.923,0.862,4,audio;depth;event;ir,1.0,temporal,False,False,passed_support_soft_gate,support_soft,True,high,category_mismatch_spatial_hint,strong,ir,0.754,ir,spatial_reasoning,Where is the knife located at the beginning?,On the right side of the cutting board
cut_carrot,review,10,anomaly_and_safety,anomaly_and_safety,anomaly_and_safety,non_common,original_modality,,rgb,non_common,2.55,0.667,0.333,1.0,0.921,1,ir,1.0,anomaly,False,False,passed_review_gate,review_recommended,True,low,anomaly_category,strong,ir,0.667,ir,non_common,What is wrong with the placement of the electronic device in the kitchen?,The laptop is sitting on the stove.
cut_carrot,review,11,anomaly_and_safety,anomaly_and_safety,anomaly_and_safety,non_common,original_modality,,ir,non_common,2.55,0.667,0.333,1.0,0.921,1,rgb,1.0,anomaly,False,False,passed_review_gate,review_recommended,True,low,anomaly_category,strong,rgb,0.667,rgb,non_common,What is unusual about the placement of the laptop in this kitchen scene?,It is placed on a stovetop.
cut_carrot,review,12,motion_and_action,motion_and_action,motion_and_action,dynamic_recognition,original_modality,,ir,dynamic_recognition,2.487,0.698,0.3,0.912,0.856,4,audio;depth;event;rgb,1.0,visual_motion,False,False,passed_support_soft_gate,support_soft,True,high,possible_numeric_conflict,strong,event,0.628,event,event_dynamic_recognition,At what point do the hands first appear in the video?,Around frame 30.
cut_carrot,review,13,counting,counting,counting,counting,original_modality,9,rgb,counting,2.425,0.396,0.333,0.542,0.671,1,depth,1.0,visual_count,True,False,passed_support_required_gate,support_required,True,high,possible_numeric_conflict,moderate,depth,0.365,depth,depth_counting,How many stovetop heating zones are visible?,Two
cut_carrot,review,14,spatial_and_layout,spatial_and_layout,spatial_and_layout;motion_and_action,navigation,original_modality,5,rgb,navigation,2.419,0.391,0.111,0.81,0.805,2,event;ir,1.0,visual_spatial,True,False,passed_support_required_gate,support_required,True,high,possible_direction_conflict,moderate,event,0.391,event,event_spatial_reasoning,Where do the peels go?,Into the bowl on the right
cut_carrot,review,15,counting,counting,counting,depth_counting,original_modality,6,depth,depth_counting,2.398,0.433,0.333,0.667,0.733,3,event;ir;rgb,0.879,visual_count,True,False,passed_support_required_gate,support_required,True,high,possible_numeric_conflict,moderate,rgb,0.405,rgb,counting,How many objects are passed on the right in the first half?,One
cut_carrot,review,16,counting,counting,counting,counting,original_modality,8,rgb,counting,2.394,0.37,0.3,0.534,0.667,1,depth,1.0,visual_count,True,False,passed_support_required_gate,support_required,True,high,possible_numeric_conflict,moderate,depth,0.32,ir,counting,How many electrical sockets are seen on the power strip?,Three
cut_carrot,review,17,temporal_sequence,temporal_sequence,temporal_sequence;motion_and_action,scene_sequence,original_modality,5,rgb,scene_sequence,2.371,0.6,0.364,0.758,0.779,3,audio;event;ir,1.0,temporal,False,False,passed_support_soft_gate,support_soft,True,high,category_mismatch_spatial_hint,strong,ir,0.6,ir,spatial_reasoning,Where do I place the carrot segments before julienning them?,On the cutting board
cut_carrot,review,18,spatial_and_layout,spatial_and_layout,spatial_and_layout;motion_and_action,navigation,original_modality,9,rgb,navigation,2.328,0.315,0.111,0.62,0.71,0,,1.0,visual_spatial,True,False,passed_support_required_gate,support_required,True,high,no_supporting_modality,moderate,event,0.268,ir,non_common,Where is the power outlet located?,On the wall to the top right
cut_carrot,review,19,spatial_and_layout,spatial_and_layout,spatial_and_layout,depth_spatial_reasoning,original_modality,,depth,depth_spatial_reasoning,2.317,0.366,0.222,0.582,0.691,2,event;rgb,0.879,visual_spatial,True,False,passed_support_required_gate,support_required,True,high,possible_direction_conflict,moderate,rgb,0.343,rgb,light_recongnition,"Relative to the vertical poles on the left, where is the ground plane located?",Below them.
cut_carrot,review,20,temporal_sequence,temporal_sequence,temporal_sequence;motion_and_action,scene_sequence,original_modality,,ir,scene_sequence,2.283,0.611,0.25,0.852,0.826,3,audio;event;rgb,1.0,temporal,False,False,passed_support_soft_gate,support_soft,True,medium,long_answer;multi_clause_answer,strong,rgb,0.568,rgb,action,What is the sequence of actions involving the carrot?,"It is initially on the board, then picked up and peeled over a bowl."
cut_carrot,review,21,motion_and_action,motion_and_action,motion_and_action;counting,dynamic_counting,original_modality,6,rgb,dynamic_counting,2.262,0.51,0.429,0.609,0.705,2,depth;ir,1.0,visual_motion,True,False,passed_support_soft_gate,support_soft,True,high,possible_negation_conflict,strong,depth,0.51,depth,depth_dynamic_recognition,Does the laptop move at any time?,No
cut_carrot,review,22,scene_and_context,scene_and_context,scene_and_context,light_recongnition,original_modality,,rgb,light_recongnition,2.242,0.41,0.2,0.582,0.691,3,depth;event;ir,1.0,visual_light,False,False,passed_support_exempt_gate,support_exempt,True,high,possible_direction_conflict,moderate,ir,0.404,depth,depth_spatial_reasoning,From which direction is the primary light source hitting the cutting board?,From above (overhead).
cut_carrot,review,23,spatial_and_layout,spatial_and_layout,spatial_and_layout;motion_and_action,navigation,original_modality,,ir,navigation,2.237,0.406,0.133,0.815,0.808,1,depth,1.0,visual_spatial,True,False,passed_support_required_gate,support_required,True,medium,multi_clause_answer,moderate,depth,0.326,depth,depth_action,Which way should I turn to leave the counter area based on the typical layout?,Step back and turn left or right.
cut_carrot,review,24,text_and_symbols,text_and_symbols,text_and_symbols;objects_and_attributes,text_recognition,original_modality,,ir,text_recognition,2.193,0.369,0.167,0.745,0.772,1,rgb,1.0,visual_text,True,False,passed_support_exempt_gate,support_exempt,True,high,category_mismatch_spatial_hint,moderate,rgb,0.309,rgb,text_recognition,Where can text-like thermal patterns be observed on the laptop?,On the lower right corner of the base.
cut_carrot,review,25,counting,counting,counting,depth_counting,original_modality,8,depth,depth_counting,2.145,0.223,0.083,0.549,0.674,0,,0.879,visual_count,True,False,passed_support_required_gate,support_required,True,high,no_supporting_modality;possible_numeric_conflict,moderate,rgb,0.165,rgb,counting,Total number of primary vertical structures on the left?,Five
cut_carrot,review,26,anomaly_and_safety,anomaly_and_safety,anomaly_and_safety,event_non_common,original_modality,,event,event_non_common,2.137,0.448,0.125,0.771,0.786,2,depth;rgb,0.915,anomaly,False,False,passed_review_gate,review_recommended,True,low,anomaly_category,moderate,depth,0.441,depth,depth_dynamic_recognition,Is there any object floating in the air without being held?,No.
cut_carrot,review,27,objects_and_attributes,objects_and_attributes,objects_and_attributes,depth_object_recognition,original_modality,,depth,depth_object_recognition,2.002,0.271,0.091,0.49,0.645,0,,0.879,visual_object,False,False,passed_support_required_gate,support_required,True,high,no_supporting_modality,moderate,ir,0.263,event,event_dynamic_recognition,What is the most prominent 3D shape visible on the right side in the early frames?,A large circular object.
cut_carrot,review,28,motion_and_action,motion_and_action,motion_and_action;counting,depth_dynamic_counting,original_modality,4,depth,depth_dynamic_counting,1.963,0.488,0.333,0.676,0.738,2,event;rgb,0.879,visual_motion,True,False,passed_support_soft_gate,support_soft,True,high,possible_numeric_conflict,strong,rgb,0.462,rgb,counting,How many moving objects are in the mid-range?,One
cut_carrot,review,29,motion_and_action,motion_and_action,motion_and_action,depth_dynamic_recognition,original_modality,5,depth,depth_dynamic_recognition,1.932,0.462,0.143,0.635,0.717,3,event;ir;rgb,0.879,visual_motion,False,False,passed_support_soft_gate,support_soft,True,high,possible_negation_conflict,strong,rgb,0.462,rgb,light_change,Does the distant object cross from left to right?,Yes
cut_carrot,review,30,motion_and_action,motion_and_action,motion_and_action;counting,depth_dynamic_counting,original_modality,3,depth,depth_dynamic_counting,1.866,0.407,0.25,0.599,0.699,2,event;rgb,0.879,visual_motion,True,False,passed_support_soft_gate,support_soft,True,high,possible_numeric_conflict,moderate,rgb,0.392,rgb,counting,How many times does a distant object cross the path?,One
cut_carrot,review,31,motion_and_action,motion_and_action,motion_and_action;counting,depth_dynamic_counting,original_modality,5,depth,depth_dynamic_counting,1.824,0.372,0.286,0.478,0.639,2,event;rgb,0.879,visual_motion,True,False,passed_support_soft_gate,support_soft,True,high,possible_numeric_conflict,moderate,rgb,0.361,rgb,counting,How many humans are walking away?,Zero
cut_carrot,review,32,motion_and_action,motion_and_action,motion_and_action;counting,depth_dynamic_counting,original_modality,2,depth,depth_dynamic_counting,1.817,0.366,0.25,0.508,0.654,2,event;rgb,0.879,visual_motion,True,False,passed_support_soft_gate,support_soft,True,high,possible_numeric_conflict,moderate,rgb,0.342,event,event_dynamic_counting,How many people pass by at a near range?,Zero
wash_hands,review,1,audio_understanding,audio_understanding,audio_understanding,audio_hia,caption_fallback,,audio,audio_hia,2.602,0.419,0.048,0.578,0.689,1,event,1.0,audio,False,False,passed_support_exempt_gate,support_exempt,True,low,caption_fallback,moderate,event,0.419,event,event_action,What audio cue is described?,egocentric video shows the camera wearer interacting
wash_hands,review,2,audio_understanding,audio_understanding,audio_understanding;temporal_sequence,audio_chronological_caption,caption_fallback,,audio,audio_chronological_caption,2.506,0.338,0.006,0.481,0.64,1,event,1.0,audio,False,False,passed_support_exempt_gate,support_exempt,True,low,caption_fallback,moderate,event,0.338,event,event_dynamic_counting,What sound is described?,water begins
wash_hands,review,3,motion_and_action,motion_and_action,motion_and_action;counting,event_dynamic_counting,original_modality,8,event,event_dynamic_counting,2.381,0.192,0.006,0.42,0.61,0,,1.0,visual_motion,True,False,passed_support_soft_gate,support_soft,True,medium,strict_category_low_lexical,moderate,audio,0.192,audio,audio_chronological_caption,How many times do I change direction to look at the floor?,1
wash_hands,review,4,motion_and_action,motion_and_action,motion_and_action;counting,event_dynamic_counting,original_modality,2,event,event_dynamic_counting,2.344,0.162,0.0,0.36,0.58,0,,1.0,visual_motion,True,False,passed_support_soft_gate,support_soft,True,medium,strict_category_low_lexical,moderate,audio,0.162,audio,audio_chronological_caption,How many chairs do I pass during my movement?,"2,"
wash_hands,review,5,motion_and_action,motion_and_action,motion_and_action;counting,event_dynamic_counting,original_modality,3,event,event_dynamic_counting,2.344,0.162,0.0,0.36,0.58,0,,1.0,visual_motion,True,False,passed_support_soft_gate,support_soft,True,medium,strict_category_low_lexical,moderate,audio,0.162,audio,audio_chronological_caption,How many keyboards enter my field of view?,"2,"
wash_hands,review,6,motion_and_action,motion_and_action,motion_and_action;counting,event_dynamic_counting,original_modality,5,event,event_dynamic_counting,2.338,0.157,0.0,0.348,0.574,0,,1.0,visual_motion,True,False,passed_support_soft_gate,support_soft,True,medium,strict_category_low_lexical,moderate,audio,0.157,audio,audio_chronological_caption,How many times does an object move independently?,"0,"
wash_hands,review,7,motion_and_action,motion_and_action,motion_and_action;counting,event_dynamic_counting,original_modality,7,event,event_dynamic_counting,2.31,0.133,0.0,0.296,0.548,0,,1.0,visual_motion,True,False,passed_support_soft_gate,support_soft,True,medium,strict_category_low_lexical,moderate,audio,0.133,audio,audio_chronological_caption,How many desks do I traverse?,"1,"
wash_hands,review,8,motion_and_action,motion_and_action,motion_and_action;counting,event_dynamic_counting,original_modality,4,event,event_dynamic_counting,2.305,0.129,0.0,0.287,0.544,0,,1.0,visual_motion,True,False,passed_support_soft_gate,support_soft,True,medium,strict_category_low_lexical,moderate,audio,0.129,audio,audio_chronological_caption,How many PC towers move past my frame?,"2,"
wash_hands,review,9,motion_and_action,motion_and_action,motion_and_action;counting,event_dynamic_counting,original_modality,6,event,event_dynamic_counting,2.276,0.105,0.0,0.232,0.516,0,,1.0,visual_motion,True,False,passed_support_soft_gate,support_soft,True,medium,strict_category_low_lexical,weak,audio,0.105,audio,audio_chronological_caption,How many monitors do I pan across?,"3,"
wash_hands,review,10,counting,counting,counting,event_counting,original_modality,3,event,event_counting,1.8,0.125,0.0,0.417,0.608,0,,1.0,visual_count,True,False,passed_support_required_gate,support_required,True,high,strict_category_low_lexical;no_supporting_modality,moderate,audio,0.125,audio,audio_chronological_caption,How many keyboards appear during the pan?,"2,"
