segment_id,unit_index,modality,section,question,answer,timestamp,confidence
cut_carrot_day_seg_001,0,rgb,action,1. What is being done with the black peeler? 2. Why is there a bowl on the counter during the peeling process? 3. What is the final style of cut for the carrot? 4. How is the knife being held? 5. What is the role of the non-cutting hand during slicing? 6. Is the peeling direction towards or away from the body? 7. What happens to the carrot skin after it's removed? 8. What is the overall purpose of the actions shown?,1. It is used to peel the skin off the carrot. 2. To catch the carrot peels as they fall. 3. It is cut into julienne strips. 4. It is held firmly by the handle. 5. It holds the carrot steady on the board. 6. It is peeled towards the bowl. 7. It is collected in the white bowl. 8. The purpose is food preparation.,,0.85
cut_carrot_day_seg_001,1,rgb,counting,1. How many carrots are in the scene? 2. How many knives are being used? 3. How many bowls are present on the counter? 4. How many laptops can be seen? 5. How many cutting boards are being used for preparation? 6. How many vegetable peelers are on the counter? 7. How many power outlets are visible on the power strip? 8. How many circular heating zones are visible on the induction stove? 9. How many hands are visible performing the task? 10. How many main kitchen utensils are used to process the carrot?,1. There is one carrot. 2. One knife is used. 3. One bowl is present. 4. One laptop is visible. 5. One cutting board is used. 6. One peeler is present. 7. Five outlets are visible. 8. Two zones are visible. 9. Two hands are visible. 10. Two utensils (peeler and knife) are used.,,0.85
cut_carrot_day_seg_001,2,rgb,dynamic_counting,1. How many additional people enter the frame? 2. Are there any pets seen moving in the background? 3. How many items fall off the edge of the counter? 4. Are there any moving vehicles visible through a window? 5. How many hands are moving to peel the carrot? 6. How many knives are moved during the video? 7. Is there any movement from the laptop? 8. How many times does the carrot change position on the board during cutting?,"1. Zero additional people. 2. No pets are visible. 3. Zero items fall off. 4. No window or vehicles are visible. 5. Two hands are moving. 6. One knife is moved. 7. No, the laptop is stationary. 8. It is moved multiple times as it is cut.",,0.85
cut_carrot_day_seg_001,3,rgb,dynamic_recognition,Between which frames does the peeling action take place?,The peeling of the carrot occurs from frame 000660 to frame 001200.,,0.85
cut_carrot_day_seg_001,4,rgb,light_change,"1. Did any of the lights turn off during the video? 2. Is there a noticeable increase in brightness at any point? 3. Does the light appear to be moving? 4. Were there any external light changes, like car headlights passing by? 5. Was there any flicker in the illumination? 6. Did the overall color temperature of the room change? 7. Is the shadow of the hand consistent while cutting? 8. Do the reflections on the counter surface fluctuate?","1. No, the lights stayed on. 2. No, the brightness level was constant. 3. No, the light source is stationary. 4. No such changes were observed. 5. No, the light was steady. 6. No, the color remained the same. 7. Yes, the shadow direction and intensity are consistent. 8. No, the reflections remained stable.",,0.85
cut_carrot_day_seg_001,5,rgb,light_recongnition,From what general direction is the primary light source coming?,The primary light source is coming from above.,,0.85
cut_carrot_day_seg_001,6,rgb,navigation,1. Which direction should I turn to face the induction stove? 2. How far is the bowl from the stove? 3. Where is the laptop relative to the cutting board? 4. Is the kitchen sink visible from this angle? 5. In which direction is the power strip from the prep area? 6. Am I moving closer to or further from the counter? 7. What object is directly in front of me at the start? 8. How would I get to the other side of this counter? 9. Is there any door visible in the background? 10. Can the path to another room be determined from the video?,"1. Turn to the left. 2. It is about half a step away across the workspace. 3. It is to the far left. 4. No, it is not in the frame. 5. It is to the back right. 6. I am standing stationary at the counter. 7. The cutting board and carrot. 8. By walking around the counter island. 9. No door is visible. 10. No, the view is limited to the countertop.",,0.85
cut_carrot_day_seg_001,7,rgb,non_common,Is there anything about the placement of objects that contradicts common kitchen safety practices?,"Yes, the laptop is placed very close to the induction stove, which is usually avoided to prevent damage from heat or spills.",,0.85
cut_carrot_day_seg_001,8,rgb,object_recognition,I want to know the color of the vegetable peeler used in the video.,The vegetable peeler has a black handle.,,0.85
cut_carrot_day_seg_001,9,rgb,scene_sequence,"1. What is the sequence of tasks performed? 2. What action was taken immediately before cutting the carrot? 3. Which tool was used for the initial preparation of the carrot? 4. Where were the carrot skins placed? 5. What happened after the carrot was fully peeled? 6. What objects are to the left of the prep area? 7. How was the carrot prepared before slicing? 8. What type of knife cuts were made? 9. Which tool was used first, the peeler or the knife? 10. Where did I put the peeler after I finished using it?",1. Peeling followed by cutting. 2. The carrot was peeled. 3. A vegetable peeler was used. 4. The skins were peeled into the white bowl. 5. The knife was picked up to start slicing. 6. An induction stove and a laptop. 7. It was peeled with a vegetable peeler. 8. The carrot was cut into rounds and then julienne strips. 9. The peeler was used first. 10. It was placed back on the counter to the right.,,0.85
cut_carrot_day_seg_001,10,rgb,spatial_reasoning,Where is the white bowl positioned in relation to the cutting board?,The white bowl is to the right of the cutting board.,,0.85
cut_carrot_day_seg_001,11,rgb,text_recognition,1. What is the brand name printed on the vegetable peeler? 2. In which part of the video is the brand name on the peeler most legible? 3. Can any text be seen on the blade of the knife? 4. What does the text on the peeler indicate? 5. Where on the peeler is the text located? 6. Is there any readable text on the laptop? 7. Is the brand name written in capital letters? 8. How many unique brand names are found in the video?,"1. The brand name is VICTORINOX. 2. It is most legible in the early frames, around frame 000300. 3. No, the blade appears plain. 4. It identifies the manufacturer of the tool. 5. On the handle. 6. No, any text on the laptop is too small or blurred to read. 7. Yes, it is in capital letters. 8. Only one brand name is clearly identifiable.",,0.85
cut_carrot_day_seg_001,12,event,event_navigation,In which direction do my hands mainly navigate the tools during the peeling process?,Longitudinally along the carrot.,,0.85
cut_carrot_day_seg_001,13,event,event_non_common,Is there any physically implausible motion or behavior visible in the video?,No.,,0.85
cut_carrot_day_seg_001,14,event,event_object_recognition,What object do I use to remove the outer layer of the carrot?,A peeler.,,0.85
cut_carrot_day_seg_001,15,event,event_scene_sequence,What action do I perform immediately after I finish peeling the carrot?,Slicing with a knife.,,0.85
cut_carrot_day_seg_001,16,event,event_spatial_reasoning,Where do I place the carrot slices relative to the main carrot body after cutting them?,To the right.,,0.85
cut_carrot_day_seg_001,17,depth,depth_action,What am I doing to the carrot with the knife?,Slicing,,0.65
cut_carrot_day_seg_001,18,depth,depth_counting,How many cutting boards are visible on the table?,1,,0.65
cut_carrot_day_seg_001,19,depth,depth_dynamic_counting,How many times does the knife move vertically to make a full slice through the carrot?,Approximately 15 times,,0.65
cut_carrot_day_seg_001,20,depth,depth_dynamic_recognition,Which object is moving in a repetitive up-and-down motion?,The knife,,0.65
cut_carrot_day_seg_001,21,depth,depth_navigation,Which object acts as the central landmark for my workspace?,Cutting board,,0.65
cut_carrot_day_seg_001,22,depth,depth_non_common,Are there any objects floating unnaturally in the air?,No,,0.35
cut_carrot_day_seg_001,23,depth,depth_object_recognition,What is the 3D shape of the object I am holding in my left hand?,Cylindrical carrot,,0.65
cut_carrot_day_seg_001,24,depth,depth_scene_sequence,"Which tool do I interact with first, the knife or the peeler?",Peeler,,0.65
cut_carrot_day_seg_001,25,depth,depth_spatial_reasoning,Is the bowl positioned to the left or right of the cutting board from my perspective?,Right,,0.65
cut_carrot_day_seg_001,26,ir,action,What is the primary action I am performing with the vegetable and the black tool?,Peeling,,0.75
cut_carrot_day_seg_001,27,ir,counting,How many sockets are visible on the white power strip in the background?,Four,,0.75
cut_carrot_day_seg_001,28,ir,dynamic_counting,How many individual vegetable strips can be seen falling into the bowl between frames 000300 and 000600?,Approximately five,,0.75
cut_carrot_day_seg_001,29,ir,dynamic_recognition,When do the first vegetable peelings start falling into the bowl?,Around frame 000240,,0.75
cut_carrot_day_seg_001,30,ir,light_change,Does the intensity of the light on the cutting board change significantly during the peeling process?,No,,0.75
cut_carrot_day_seg_001,31,ir,light_recongnition,What is the shape of the main reflection on the surface of the white bowl?,Circular,,0.75
cut_carrot_day_seg_001,32,ir,navigation,How many steps away from the cutting board is the power strip located?,One step,,0.75
cut_carrot_day_seg_001,33,ir,non_common,Is there any object in the video that appears to be floating above the countertop surface?,No,,0.75
cut_carrot_day_seg_001,34,ir,object_recognition,What electronic device is open on the left side of the countertop?,Laptop,,0.75
cut_carrot_day_seg_001,35,ir,scene_sequence,What is the sequence of tasks performed at the kitchen counter?,"Preparing tools, picking up the vegetable, and peeling it into the bowl.",,0.75
cut_carrot_day_seg_001,36,ir,spatial_reasoning,Where is the white ceramic bowl positioned in relation to the cutting board?,To the right,,0.75
cut_carrot_day_seg_001,37,ir,text_recognition,What kind of pattern can be observed on the handle of the black vegetable peeler?,Manufacturer logo,,0.75
cut_carrot_day_seg_001,38,audio,audio_sound_characteristics,What was the character of the contact sounds in the middle segment?,They were sharper contact sounds from placing or adjusting an object.,00:04 - 00:09,0.8
cut_carrot_day_seg_001,39,audio,audio_sound_source_identification,What action most likely produced the soft handling sounds at the start?,The user's hand-object manipulation produced the sounds.,00:00 - 00:04,0.8
cut_carrot_night_seg_001,0,rgb,action,1. What am I doing? 2. Which hand holds the knife? 3. What is the carrot being peeled into? 4. Where is the slicing occurring? 5. What is the purpose? 6. What tool is used? 7. What happens to the carrot? 8. Is the peeling complete?,1. Peeling and slicing a carrot 2. Right hand 3. A bowl 4. On the cutting board 5. Food preparation 6. A knife 7. It gets sliced 8. Yes,,0.45
cut_carrot_night_seg_001,1,rgb,counting,1. How many carrots are there? 2. How many knives? 3. How many bowls? 4. How many cutting boards? 5. How many hands are visible? 6. How many stoves are in the scene? 7. How many sinks? 8. How many windows? 9. How many towels? 10. How many tables are shown?,1. One 2. One 3. One 4. One 5. Two 6. Zero 7. Zero 8. Zero 9. Zero 10. One,,0.45
cut_carrot_night_seg_001,2,rgb,dynamic_counting,1. How many people are moving? 2. How many knives are moving? 3. How many cars approach? 4. How many pieces of carrot fall into the bowl? 5. How many birds fly by? 6. How many doors open? 7. How many pets appear? 8. How many bowls move?,1. One 2. One 3. Zero 4. Several 5. Zero 6. Zero 7. Zero 8. Zero,,0.45
cut_carrot_night_seg_001,3,rgb,dynamic_recognition,Did a new object appear in the frame while I was cutting?,No,,0.45
cut_carrot_night_seg_001,4,rgb,light_change,1. Did the lights turn on? 2. Did it get darker? 3. Is light approaching me? 4. Did a car's headlights pass? 5. Did the lighting flicker? 6. Is the scene brighter at the end? 7. Was a flash used? 8. Did the illumination intensity change?,1. No 2. No 3. No 4. No 5. No 6. No 7. No 8. No,,0.45
cut_carrot_night_seg_001,5,rgb,light_recongnition,What types of light sources are visible in the outdoor mailbox area?,Recessed linear LED ceiling lights creating bright white streaks,,0.45
cut_carrot_night_seg_001,6,rgb,navigation,1. How many steps to the bowl? 2. Which way to the sink? 3. Did I turn left? 4. Did I turn right? 5. How many steps taken? 6. Is there a door nearby? 7. Fastest way to the living room? 8. Am I moving forward? 9. Am I stationary? 10. Where is the exit?,1. Zero 2. Not visible 3. No 4. No 5. Zero 6. Not visible 7. Not shown 8. No 9. Yes 10. Not shown,,0.45
cut_carrot_night_seg_001,7,rgb,non_common,Is there any object floating in the air against gravity?,No,,0.45
cut_carrot_night_seg_001,8,rgb,object_recognition,What is the color of the vegetable I am cutting?,Orange,,0.45
cut_carrot_night_seg_001,9,rgb,scene_sequence,1. What sequence of actions did I perform? 2. What did I do before slicing? 3. Where was the peeling done? 4. Where was the slicing done? 5. What tool was used? 6. Did I change rooms? 7. Was the bowl moved? 8. What was prepared? 9. Is there a sink visible? 10. What is the final state of the carrot?,1. Peeling then slicing 2. Peeling 3. Over the bowl 4. On the cutting board 5. A knife 6. No 7. No 8. A carrot 9. No 10. Sliced,,0.45
cut_carrot_night_seg_001,10,rgb,spatial_reasoning,Where is the bowl located relative to the cutting board?,To the right,,0.45
cut_carrot_night_seg_001,11,rgb,text_recognition,1. Is there any text visible on the cutting board? 2. Are there any brand labels on the carrot? 3. Can you see text on the knife handle? 4. Is there any writing on the bowl? 5. Are there words visible on my clothing? 6. Is any text visible in the background? 7. Can you see a brand name on the cutting board? 8. Is there any text on the kitchen counter?,1. No 2. No 3. No 4. No 5. No 6. No 7. No 8. No,,0.45
cut_carrot_night_seg_001,12,depth,depth_action,What am I doing when my hand blob moves toward the circular silhouette on the right?,Reaching for the bowl.,,0.65
cut_carrot_night_seg_001,13,depth,depth_counting,How many moving hand blobs are identifiable in the scene?,2,,0.65
cut_carrot_night_seg_001,14,depth,depth_dynamic_counting,How many hands move between the camera and the workspace?,2,,0.65
cut_carrot_night_seg_001,15,depth,depth_dynamic_recognition,Which part of me appears as the largest dark mass leaning into the frame?,The torso.,,0.65
cut_carrot_night_seg_001,16,depth,depth_navigation,Is the workspace located in the near foreground or mid-depth range relative to the camera?,Mid-depth range.,,0.65
cut_carrot_night_seg_001,17,depth,depth_non_common,Do any objects appear to float without physical support in the 3D layout?,No.,,0.65
cut_carrot_night_seg_001,18,depth,depth_object_recognition,Which object appears as a dark circular silhouette in the mid-foreground to the right of the workspace?,A bowl or plate.,,0.65
cut_carrot_night_seg_001,19,depth,depth_scene_sequence,What is the sequence of appearance for the subject and the hands in the scene?,"Subject torso, then hands.",,0.65
cut_carrot_night_seg_001,20,depth,depth_spatial_reasoning,Are my hands closer or farther than the rectangular workspace during the interaction?,They are closer.,,0.65
cut_carrot_night_seg_001,21,ir,light_recongnition,From which direction is the primary light coming?,Top left.,,0.85
cut_carrot_night_seg_001,22,ir,non_common,Is there any unrealistic behavior with the vegetable peels in the bowl?,"Yes, clipping.",,0.85
cut_carrot_night_seg_001,23,ir,object_recognition,What primary tool am I using at the beginning of the video to prepare the food?,A peeler.,,0.85
cut_carrot_night_seg_001,24,ir,spatial_reasoning,Where is the knife placed relative to the cutting board?,To the right.,,0.85
cut_carrot_night_seg_001,25,audio,audio_contextual_and_semantic_understanding,"Based on the consistent audio of chopping and scraping, what is the most likely food preparation task being performed?","The person is dicing or slicing vegetables, specifically carrots, into uniform pieces for cooking.",00:00 - 02:41,0.8
cut_carrot_night_seg_001,26,audio,audio_sound_quality_and_characteristics,How would you describe the quality and rhythm of the chopping sounds in this segment?,"The chopping sounds are sharp, percussive, and follow a fast, consistent rhythm, indicating a practiced and rapid chopping technique.",00:39 - 01:08,0.8
cut_carrot_night_seg_001,27,audio,audio_sound_source_identification,What is the primary source of the rhythmic sound heard during this interval?,The sound is produced by a large kitchen knife repeatedly striking a carrot and a wooden cutting board.,00:03 - 00:26,0.8
cut_carrot_night_seg_001,28,audio,audio_temporal_reasoning,"After the initial preparation sounds, at what timestamp does the first chopping action begin?",The first chopping sound begins at approximately 00:03.,00:00 - 00:40,0.8
wash_hands_day_seg_001,0,rgb,action,"1. What is the first action I take?
2. Which hand do I use to open the office door?
3. What is the purpose of opening the door?
4. Do I walk or run to the door?
5. What object is interacted with to exit the room?
6. Do I close the door behind me?
7. Where am I going after leaving the desk?
8. What is the consequence of pressing the door handle?","1. Standing up
2. Right hand
3. To exit the office
4. Walk
5. Door handle
6. No
7. The bathroom
8. The door latch releases and the door opens",,0.85
wash_hands_day_seg_001,1,rgb,counting,"1. How many blue chairs are in the office?
2. How many computer monitors can be seen at the desks?
3. How many doors do I open to leave the room?
4. How many PC towers have a green light strip?
5. How many keyboards are visible on the desks?
6. How many mice are on the first desk?
7. How many room tags are next to the door?
8. How many door handles do I touch?
9. How many windows are on the left side of the room?
10. How many hallways do I walk through?","1. Four
2. Four
3. One
4. One
5. Four
6. One
7. One
8. One
9. Three
10. One",,0.85
wash_hands_day_seg_001,2,rgb,dynamic_counting,"1. How many other people walk past me?
2. How many cars are seen through the windows?
3. How many doors close automatically?
4. How many objects fall off the desks?
5. How many pets are in the hallway?
6. How many robots move in the scene?
7. How many items are being thrown?
8. How many dynamic lights pass by?","1. Zero
2. Zero
3. Zero
4. Zero
5. Zero
6. Zero
7. Zero
8. Zero",,0.85
wash_hands_day_seg_001,3,rgb,dynamic_recognition,Has the office door been opened completely?,Yes,,0.85
wash_hands_day_seg_001,4,rgb,light_change,"1. Is the office getting brighter or darker as I walk away from the window?
2. Did I turn any lights on manually?
3. Is the hallway brighter than the office interior?
4. Is the light source in the office natural or artificial?
5. Does the lighting color shift when entering the hallway?
6. Is there sunlight visible in the office?
7. Is the bathroom well-lit?
8. Does the intensity of light change when opening the door?","1. Darker
2. No
3. No
4. Natural
5. Yes, to a cooler white
6. Yes
7. Yes
8. Yes",,0.85
wash_hands_day_seg_001,5,rgb,light_recongnition,What types of light sources are visible in the outdoor mailbox area?,Recessed linear LED ceiling lights creating bright white streaks,,0.85
wash_hands_day_seg_001,6,rgb,navigation,"1. Which direction do I walk to leave my desk?
2. What is the first turn I make?
3. How do I get into the hallway?
4. What turn do I make once in the hallway?
5. How many steps is it to the office door?
6. What floor surface do I walk on in the hallway?
7. Is the hallway straight or curved?
8. Where is the bathroom relative to the office door?
9. What do I interact with to exit the office?
10. Is the bathroom door open or closed initially?","1. Forward
2. A slight right toward the door
3. Open the office door
4. Right
5. Six steps
6. Tile or linoleum
7. Straight
8. To the right down the hall
9. The door handle
10. Closed",,0.85
wash_hands_day_seg_001,7,rgb,non_common,Are there any office objects floating in mid-air?,No,,0.85
wash_hands_day_seg_001,8,rgb,object_recognition,What is the color of the glowing light strip on the computer tower at the first desk?,Green,,0.85
wash_hands_day_seg_001,9,rgb,scene_sequence,"1. Where do I start in this video?
2. What is the sequence of areas I pass through?
3. What do I pass immediately after leaving my desk?
4. What is the destination of this trip?
5. What room do I enter after the hallway?
6. What do I walk over to leave the office?
7. Which room connects the office and the bathroom?
8. What type of floor is in the first room?
9. Do I enter a kitchen?
10. What do I pass just before reaching the bathroom door?","1. At an office desk
2. Office room, hallway, bathroom
3. Other office workstations and chairs
4. The bathroom
5. The bathroom
6. The wooden floor area leading to the door
7. The hallway
8. Wooden panels
9. No
10. A white hallway wall",,0.85
wash_hands_day_seg_001,10,rgb,spatial_reasoning,"Relative to my starting monitor, where is the PC tower located?",To the right,,0.85
wash_hands_day_seg_001,11,rgb,text_recognition,"1. What is the room number shown on the wall tag?
2. What does the note on the door tell students to close?
3. To whom is the note on the door addressed?
4. What company name is printed in red on the room tag?
5. What is the code at the top left of the room tag?
6. What is the first word of the note?
7. What is the last word of the note?
8. Where is the room tag placed relative to the door?","1. 19
2. The windows
3. Students
4. ZUBLIN
5. 02.B.29
6. Dear
7. you
8. To the left of the door frame",,0.85
wash_hands_day_seg_001,12,event,event_navigation,Which way do I turn after standing up to begin walking toward the door?,Left,,0.85
wash_hands_day_seg_001,13,event,event_non_common,Do I see any objects behaving in a way that defies gravity?,No,,0.85
wash_hands_day_seg_001,14,event,event_object_recognition,What is the first moving object I interact with after standing up from the desk?,The office chair,,0.85
wash_hands_day_seg_001,15,event,event_scene_sequence,What sequence of environments do I pass through before reaching the sink?,"Workstation, hallway, then bathroom",,0.85
wash_hands_day_seg_001,16,event,event_spatial_reasoning,How does the distance between me and the desk change as I begin my walk?,The distance increases,,0.85
wash_hands_day_seg_001,17,depth,depth_action,What action am I taking at the beginning of the video?,Standing up and walking.,,0.65
wash_hands_day_seg_001,18,depth,depth_counting,How many monitors are visible on the office desk?,Two.,,0.65
wash_hands_day_seg_001,19,depth,depth_dynamic_counting,How many people walk past me in the hallway?,Zero.,,0.65
wash_hands_day_seg_001,20,depth,depth_dynamic_recognition,Do any moving humans appear at close range in the hallway?,No.,,0.65
wash_hands_day_seg_001,21,depth,depth_navigation,Which direction does the path go relative to the starting position?,Forward through a hallway.,,0.65
wash_hands_day_seg_001,22,depth,depth_non_common,Are there any floating objects or intersecting geometries in the hallway?,No.,,0.65
wash_hands_day_seg_001,23,depth,depth_object_recognition,What is the 3D shape of the monitors visible at the start of the sequence?,Rectangular and flat.,,0.65
wash_hands_day_seg_001,24,depth,depth_scene_sequence,What sequence of spaces do I traverse after leaving the office desk?,A narrow corridor then a doorway.,,0.65
wash_hands_day_seg_001,25,depth,depth_spatial_reasoning,"Initially, are the computer towers positioned in front of or behind the monitors?",Behind the monitors.,,0.65
wash_hands_day_seg_001,26,ir,action,1. What is the first thing I do at the start of the video? 2. What object do I interact with at the end of this segment? 3. Why did I stand up from the desk? 4. What path do I take to reach the bathroom? 5. In which frame do I start opening the bathroom door? 6. Am I walking or running through the hallway? 7. Do I interact with the fire extinguisher? 8. What is the consequence of me turning the door handle?,1. Sitting at the desk. 2. The bathroom door handle. 3. To go to the bathroom. 4. Through the hallway. 5. Frame 1110. 6. Walking. 7. No. 8. The bathroom door opens.,,0.75
wash_hands_day_seg_001,27,ir,counting,1. How many tower PCs are on the main desk? 2. How many monitors are visible in the office? 3. How many fire extinguishers are in the hallway? 4. How many sinks are in the bathroom? 5. How many doors did I pass in the hallway? 6. How many signs are on the bathroom door? 7. How many chairs are in the first room? 8. How many mirrors are in the bathroom? 9. How many keyboards are on the desk? 10. How many handles were used to enter the bathroom?,1. One. 2. Four. 3. One. 4. One. 5. At least three. 6. One. 7. Three. 8. One. 9. One. 10. One.,,0.75
wash_hands_day_seg_001,28,ir,dynamic_counting,1. How many people passed me in the hallway? 2. Did any cars pass outside the office window? 3. Are there any pets moving in the scene? 4. How many dynamic objects were counted in the corridor? 5. Did any doors open by themselves? 6. Were there any people seated at the other desks? 7. Did anyone enter the bathroom while I was there? 8. How many moving objects are there in the office?,1. None. 2. No. 3. No. 4. Zero. 5. No. 6. No. 7. No. 8. Zero.,,0.75
wash_hands_day_seg_001,29,ir,dynamic_recognition,1. Did a door close behind me in the hallway? 2. Did a person walk past the office window? 3. Was there any movement in the reflection of the hallway glass? 4. Did any office equipment move? 5. Has anyone else entered the frame? 6. Did any object fall from the desk? 7. Was there any dynamic activity observed in the background rooms? 8. Did a new object appear in the hallway?,1. No. 2. No. 3. No. 4. No. 5. No. 6. No. 7. No. 8. No.,,0.75
wash_hands_day_seg_001,30,ir,light_change,1. Does the environment get darker or brighter when I enter the hallway? 2. Is there a significant light source on the left in the first room? 3. Did I pass under any overhead hallway lights? 4. Does the bathroom look brighter than the hallway? 5. Is there a reflection of light visible in the bathroom mirror? 6. Does the light intensity change as I open the doors? 7. Are there any shadows cast on the hallway floor? 8. Is the tower PC emitting light or heat from its front strip?,"1. Darker. 2. Yes. 3. Yes. 4. Yes. 5. Yes. 6. Yes. 7. Yes. 8. Yes, a bright thermal strip.",,0.75
wash_hands_day_seg_001,31,ir,light_recongnition,Where is the strongest source of natural light located when the video begins?,On the left.,,0.75
wash_hands_day_seg_001,32,ir,navigation,1. Which way do I turn after standing up to leave the desk area? 2. How many steps do I take in the hallway before reaching the bathroom? 3. Is the bathroom door on the left or right of the corridor? 4. What is the first action I take to start moving? 5. Which room do I pass on the left in the hallway? 6. Do I turn left or right to enter the bathroom? 7. How do I get to the bathroom from the office? 8. How many doors do I open? 9. Is there a long corridor between the office and the bathroom? 10. What direction am I facing when I reach the sink?,1. Right. 2. About 15 steps. 3. Left. 4. Stand up. 5. Another office. 6. Left. 7. Walk down the hallway. 8. One. 9. Yes. 10. Forward toward the wall.,,0.75
wash_hands_day_seg_001,33,ir,non_common,"Is there anything physically impossible, like a monitor floating in mid-air, in the office?",No.,,0.75
wash_hands_day_seg_001,34,ir,object_recognition,What is the prominent object mounted on the wall in the hallway before entering the bathroom?,Fire extinguisher.,,0.75
wash_hands_day_seg_001,35,ir,scene_sequence,1. What is the first scene in this video? 2. What environment do I enter after leaving the office? 3. What object do I pass on the wall in the hallway? 4. Which room is the final destination in this segment? 5. What is the sequence of the main areas I pass through? 6. Did I pass a kitchen before the bathroom? 7. Is there a mirror in the first room or the last room? 8. What connects the office to the bathroom? 9. What do I interact with just before entering the bathroom? 10. Does the office have a window visible in the background?,"1. An office. 2. A hallway. 3. A fire extinguisher. 4. A bathroom. 5. Office, hallway, bathroom. 6. No. 7. The last room. 8. A hallway or corridor. 9. A door handle. 10. Yes, multiple large windows.",,0.75
wash_hands_day_seg_001,36,ir,spatial_reasoning,"Regarding the office desk, where is the tower PC located relative to the monitor?",To the right.,,0.75
wash_hands_day_seg_001,37,ir,text_recognition,1. What is the first line of text on the sign seen on the door in frame 1050? 2. Which room label or code is visible above the sign in frame 1080? 3. Where is the room label located relative to the sign? 4. How many separate blocks of text are on the main white sign? 5. Does the room label include a graphical pattern like a QR code? 6. What word follows 'Dear' at the top of the door sign? 7. In which room or area do I see these text patterns? 8. What does the thermal shape of the sign suggest it is made of?,"1. Dear students! 2. 02.B.29. 3. Above the sign. 4. One main block of body text. 5. Yes, a QR code is visible. 6. Students. 7. At the entrance to the bathroom. 8. Paper taped to the door.",,0.75
wash_hands_day_seg_001,38,audio,audio_sound_source_identification,What sound is heard as the person reaches the door to exit the room?,The metallic click of a door handle turning and the latch releasing can be heard.,00:11 - 00:14,0.8
wash_hands_day_seg_002,0,rgb,action,"1. How do I activate the soap dispenser?
2. Which hand receives the soap first?
3. What color is the soap used?
4. What is the purpose of rubbing my hands together?
5. Do I rub the backs of my hands?
6. How is the faucet activated?
7. What is the final action in the washing sequence?
8. What is the consequence of putting my hands under the faucet?","1. Pressing with my right forearm
2. Left hand
3. Pink
4. To lather the soap and clean the skin
5. Yes
6. Automatically by sensor
7. Rinsing with water
8. The water turns on",,0.85
wash_hands_day_seg_002,1,rgb,counting,"1. How many sinks are I using?
2. How many faucets are on the sink?
3. How many soap dispensers are visible?
4. How many hands are being washed?
5. How many toilets are in the bathroom?
6. How many mirrors are above the sink?
7. How many drains are in the sink?
8. How many tiles are on the wall area visible?
9. How many lights are reflected in the mirror?
10. How many soap bottles are on the counter?","1. One
2. One
3. One
4. Two
5. One
6. One
7. One
8. Many
9. One primary source
10. Zero, it is wall-mounted",,0.85
wash_hands_day_seg_002,2,rgb,dynamic_counting,"1. How many other people enter the bathroom?
2. How many items fall into the sink?
3. How many dynamic shadows pass the door?
4. How many faucets turn on by themselves?
5. How many soap bubbles move out of the sink?
6. How many insects are flying around?
7. How many dynamic lights are seen?
8. How many birds pass the window?","1. Zero
2. Zero
3. Zero
4. One (sensor-activated)
5. Zero
6. Zero
7. Zero
8. Zero",,0.85
wash_hands_day_seg_002,3,rgb,dynamic_recognition,Has the water started flowing?,Yes,,0.85
wash_hands_day_seg_002,4,rgb,light_change,"1. Do the lights turn off while I am washing?
2. Is the lighting intensity changing?
3. Does the mirror reflect the ceiling light?
4. Is it getting brighter at the sink?
5. Does a car light pass through a window?
6. Is there any shadow change from my hands?
7. Is the light source moving?
8. Are there flickering lights?","1. No
2. No
3. Yes
4. No
5. No
6. Yes, as I move my hands
7. No
8. No",,0.85
wash_hands_day_seg_002,5,rgb,light_recongnition,What types of light sources are visible in the outdoor mailbox area?,Recessed linear LED ceiling lights creating bright white streaks,,0.85
wash_hands_day_seg_002,6,rgb,navigation,"1. Am I moving between rooms?
2. Which way am I facing?
3. Is there an obstacle in front of the sink?
4. How many steps do I take during washing?
5. Can I see the exit door from the sink?
6. Is the toilet behind me?
7. Where is the mirror located?
8. Am I standing or sitting?
9. Which direction is the soap dispenser?
10. Is the sink accessible?","1. No, I stay at the sink
2. Forward
3. No
4. Zero
5. Yes, in the reflection
6. Yes
7. On the wall in front
8. Standing
9. To the right
10. Yes",,0.85
wash_hands_day_seg_002,7,rgb,non_common,Is the sink attached to the ceiling?,No,,0.85
wash_hands_day_seg_002,8,rgb,object_recognition,What color is the soap inside the dispenser?,Pink,,0.85
wash_hands_day_seg_002,9,rgb,scene_sequence,"1. What is the first object I interact with in the bathroom?
2. Where am I standing?
3. What comes after using the soap dispenser?
4. What scene is shown throughout this segment?
5. Is the sink used in this part?
6. What happens after the water is turned on?
7. Is there a mirror in the scene?
8. What am I doing at the sink?
9. Do I use a towel in this segment?
10. What is the last part of this sequence?","1. Soap dispenser
2. At the sink
3. Using the faucet
4. Bathroom sink area
5. Yes
6. I rub my hands together
7. Yes
8. Washing my hands
9. No
10. Rinsing my hands under the water",,0.85
wash_hands_day_seg_002,10,rgb,spatial_reasoning,Where is the soap dispenser relative to the mirror?,To the right,,0.85
wash_hands_day_seg_002,11,rgb,text_recognition,"1. Is there a sign above the sink?
2. What text is on the soap dispenser?
3. Are there instructions on the faucet?
4. Is there a room number inside the bathroom?
5. Does the mirror have a logo?
6. Is there a warning sign on the toilet?
7. What text is on the wall tiles?
8. Is there any writing on the sink?","1. No
2. None visible
3. No
4. No
5. No
6. No
7. None
8. No",,0.85
wash_hands_day_seg_002,12,event,event_navigation,Do I move to a different sink during this process?,No,,0.85
wash_hands_day_seg_002,13,event,event_non_common,Does the soap float in the air after being dispensed?,No,,0.85
wash_hands_day_seg_002,14,event,event_object_recognition,What specific part of the faucet moves to start the water flow?,The lever handle,,0.85
wash_hands_day_seg_002,15,event,event_scene_sequence,Does soap application happen before or after the water is turned on?,Before,,0.85
wash_hands_day_seg_002,16,event,event_spatial_reasoning,Where are my hands in relation to the water stream during rinsing?,Directly underneath it,,0.85
wash_hands_day_seg_002,17,depth,depth_action,What object am I interacting with to get soap?,A soap dispenser.,,0.65
wash_hands_day_seg_002,18,depth,depth_counting,How many hands are interacting with the sink area?,Two.,,0.65
wash_hands_day_seg_002,19,depth,depth_dynamic_counting,How many pairs of hands appear at near range?,One pair.,,0.65
wash_hands_day_seg_002,20,depth,depth_dynamic_recognition,When do the hands appear at close range?,At the start of the segment.,,0.65
wash_hands_day_seg_002,21,depth,depth_navigation,Is there a clear path for movement in front of the sink?,"No, it is a workstation area.",,0.65
wash_hands_day_seg_002,22,depth,depth_non_common,Is the faucet intersecting with the sink basin unnaturally?,No.,,0.65
wash_hands_day_seg_002,23,depth,depth_object_recognition,What is the 3D shape of the sink basin?,Concave.,,0.65
wash_hands_day_seg_002,24,depth,depth_scene_sequence,Where is the camera positioned during the hand washing task?,Directly in front of the sink.,,0.65
wash_hands_day_seg_002,25,depth,depth_spatial_reasoning,Are my hands closer to the camera or farther than the faucet?,Closer.,,0.65
wash_hands_day_seg_002,26,ir,action,1. What is the primary action I am performing? 2. What object do I press to get soap? 3. How do I lather the soap? 4. What do I use to rinse my hands? 5. How long do I spend scrubbing my hands? 6. What is the consequence of rinsing? 7. Do I use a brush to clean my nails? 8. What is the purpose of this sequence?,1. Washing hands. 2. Soap dispenser lever. 3. Rubbing hands together. 4. Running water from the faucet. 5. About 20 seconds. 6. Soap is washed off. 7. No. 8. Hygiene.,,0.75
wash_hands_day_seg_002,27,ir,counting,1. How many faucets are on the sink? 2. How many soap dispensers are used? 3. How many mirrors are above the sink? 4. How many sinks are I using? 5. How many toilets are visible in the background? 6. How many hands are being washed? 7. How many soap bottles are on top of the dispenser? 8. How many door handles are visible? 9. How many light switches are on the bathroom wall? 10. How many drain holes are in the sink?,1. One. 2. One. 3. One. 4. One. 5. One. 6. Two. 7. One. 8. One. 9. One. 10. One.,,0.75
wash_hands_day_seg_002,28,ir,dynamic_counting,1. Did anyone else enter the bathroom? 2. Are there any insects moving near the sink? 3. Does the soap dispenser move on its own? 4. Is the water stream the only moving non-human object? 5. Did any dynamic objects appear in the mirror reflection? 6. How many other people are visible in the mirror? 7. Are there any moving shadows from outside the room? 8. Did the toilet lid move?,1. No. 2. No. 3. No. 4. Yes. 5. No. 6. None. 7. No. 8. No.,,0.75
wash_hands_day_seg_002,29,ir,dynamic_recognition,1. When do I start using the soap dispenser? 2. When does the water start running? 3. Does the soap dispenser handle move when pressed? 4. Does the water stream stop before the segment ends? 5. Are my hands rubbing together for most of the segment? 6. Did the soap bottle fall? 7. Did the mirror reflection change? 8. Did any new object appear in the sink?,"1. Frame 1470. 2. Frame 2250. 3. Yes. 4. No. 5. Yes. 6. No. 7. Yes, as I moved. 8. No.",,0.75
wash_hands_day_seg_002,30,ir,light_change,1. Do the lights flicker during the hand-washing? 2. Is the lighting consistent throughout this segment? 3. Is it darker under the sink basin? 4. Does the water stream create any light reflections? 5. Is there a hotspot on the mirror from the light? 6. Does the brightness change when I use the soap dispenser? 7. Are there any shadows moving on the tiles? 8. Is the bathroom brighter than the hallway from the previous segment?,"1. No. 2. Yes. 3. Yes. 4. Yes. 5. Yes. 6. No. 7. Yes, from my hands. 8. Yes.",,0.75
wash_hands_day_seg_002,31,ir,light_recongnition,What is reflecting the overhead light most strongly in the bathroom?,The mirror and sink.,,0.75
wash_hands_day_seg_002,32,ir,navigation,1. Do I take any steps away from the sink? 2. Am I facing the mirror or the door? 3. How far am I from the sink? 4. Do I turn around during this segment? 5. Where do I move my hands to get soap? 6. Where do I move my hands to rinse them? 7. Is the toilet located behind me or to the side? 8. What is the fastest way to the soap? 9. What is directly above the sink? 10. What is directly below the sink?,1. No. 2. The mirror. 3. Less than one step. 4. No. 5. To the right. 6. Under the faucet. 7. To the side and behind. 8. Reach to the right. 9. A mirror. 10. A storage box.,,0.75
wash_hands_day_seg_002,33,ir,non_common,Is the sink basin placed at a normal height for a human?,Yes.,,0.75
wash_hands_day_seg_002,34,ir,object_recognition,What object is located on the wall to the right of the sink?,Soap dispenser.,,0.75
wash_hands_day_seg_002,35,ir,scene_sequence,1. What is the main scene in this segment? 2. What object do I use first: the soap dispenser or the faucet? 3. What do I do after applying soap? 4. What is the last thing I do at the sink? 5. Is there a toilet visible in the background? 6. What part of the sink do I place my hands in? 7. Where is the soap dispenser located? 8. Is there a mirror in this scene? 9. What action follows the scrubbing of hands? 10. Does the scene change from the bathroom during this segment?,"1. A bathroom sink. 2. Soap dispenser. 3. Scrub my hands together. 4. Rinse my hands. 5. Yes, partially. 6. The basin. 7. On the wall to the right. 8. Yes. 9. Rinsing. 10. No.",,0.75
wash_hands_day_seg_002,36,ir,spatial_reasoning,Where are my hands located during the scrubbing phase relative to the faucet?,Directly under or near it.,,0.75
wash_hands_day_seg_002,37,ir,text_recognition,1. Is there a sign visible on the door while I am at the sink? 2. What is shown on the wall mirror besides my reflection? 3. Is there any text on the soap dispenser bottle? 4. Which frame shows the soap dispenser label most clearly? 5. What does the sign on the door appear to be made of? 6. Is the text on the sign legible in the mirror? 7. How many signs are visible in the bathroom? 8. Is there a 'Please flush the toilet' sign on the wall?,"1. Yes, on the door. 2. Tiles and the door. 3. Yes, some blurry text. 4. Frame 1500. 5. Paper. 6. No, it is too blurry. 7. One. 8. Yes, visible in some angles.",,0.75
wash_hands_day_seg_002,38,audio,audio_sound_source_identification,What characterizes the sound at the beginning of the handwashing sequence?,A rhythmic mechanical pumping sound is heard from a manual soap dispenser.,00:38 - 00:42,0.8
wash_hands_day_seg_003,0,rgb,action,"1. What do I use to dry my hands?
2. Where do I throw the paper towel?
3. What is the purpose of walking through the hallway?
4. Do I sit down at the end?
5. Which chair do I sit in?
6. Do I interact with the office door handle again?
7. Do I put on my backpack?
8. What is the consequence of sitting down?","1. A paper towel
2. In the blue trash bin
3. To return to the office room
4. Yes
5. The blue office chair
6. Yes, to open the door
7. No, I am already wearing it
8. I am back at my workstation to resume tasks",,0.85
wash_hands_day_seg_003,1,rgb,counting,"1. How many paper towel dispensers are used?
2. How many trash bins are in the bathroom?
3. How many doors are passed through?
4. How many desks are in the final office scene?
5. How many monitors are on the desk I sit at?
6. How many blue chairs are in the final room?
7. How many backpacks am I wearing?
8. How many hallways do I walk through?
9. How many windows are on the wall?
10. How many paper towels do I pull?","1. One
2. One
3. Two
4. Two long desks
5. One
6. Four
7. One
8. One
9. Two large ones
10. One",,0.85
wash_hands_day_seg_003,2,rgb,dynamic_counting,"1. How many people pass me in the hallway?
2. How many cars drive by outside?
3. How many items fall off the desks?
4. How many doors close behind me automatically?
5. How many birds are outside the window?
6. How many dynamic shadows are on the office floor?
7. How many flickering lights are in the hallway?
8. How many objects are moving on the desk?","1. Zero
2. Zero
3. Zero
4. Zero
5. Zero
6. Zero
7. Zero
8. Zero",,0.85
wash_hands_day_seg_003,3,rgb,dynamic_recognition,Have I pulled a paper towel from the dispenser?,Yes,,0.85
wash_hands_day_seg_003,4,rgb,light_change,"1. Does it get brighter when I enter the office?
2. Are the lights in the office on?
3. Is the hallway lighting consistent?
4. Does the mirror reflect light as I move away?
5. Is it darker under the desks?
6. Does the window light glare?
7. Is there a change in light color between rooms?
8. Is the bathroom brighter than the hallway?","1. Yes, due to natural light
2. No, mostly window light
3. Yes
4. Yes
5. Yes
6. Slightly
7. Yes, from cool white to warm natural light
8. Yes",,0.85
wash_hands_day_seg_003,5,rgb,light_recongnition,What types of light sources are visible in the outdoor mailbox area?,Recessed linear LED ceiling lights creating bright white streaks,,0.85
wash_hands_day_seg_003,6,rgb,navigation,"1. How do I get back to the office?
2. What is the first turn after leaving the bathroom?
3. Where do I sit down?
4. How many steps to the workstation?
5. Is the hallway path clear?
6. Which room is to the left of the hallway?
7. How do I find my desk?
8. What way should I go to return to the desk?
9. What is the fastest way back to the chair?
10. Do I go upstairs?","1. Walk through the hallway and enter the office door
2. Left
3. At the workstation desk
4. About six steps from the office door
5. Yes
6. The office
7. By walking straight to the first workstation on the left
8. Left out of the bathroom, then into the office
9. Follow the hallway to the office door
10. No",,0.85
wash_hands_day_seg_003,7,rgb,non_common,Is the chair floating above the desk?,No,,0.85
wash_hands_day_seg_003,8,rgb,object_recognition,What color is the trash bin in the bathroom?,Blue,,0.85
wash_hands_day_seg_003,9,rgb,scene_sequence,"1. What is the first scene in this segment?
2. What do I do after drying my hands?
3. Where do I go after the bathroom?
4. What room do I enter last?
5. What is the final scene?
6. What do I pass in the hallway?
7. What connects the bathroom and the office?
8. Do I return to the same desk?
9. Where do I sit down at the end?
10. What is the sequence of scenes passed?","1. Bathroom sink area
2. Exit the bathroom
3. The hallway
4. Office room
5. Office room desk area
6. White walls and a grey door
7. The hallway
8. Yes
9. On a blue chair at the desk
10. Bathroom, hallway, office",,0.85
wash_hands_day_seg_003,10,rgb,spatial_reasoning,Where is the trash bin located relative to the paper towel dispenser?,Below it,,0.85
wash_hands_day_seg_003,11,rgb,text_recognition,"1. What text is seen on the door note again?
2. What is the room tag number seen earlier?
3. Is there text on the paper towel dispenser?
4. What does the note suggest about windows?
5. To whom is the note addressed?
6. What company name is on the room tag?
7. Is there a sign on the trash bin?
8. Is there writing on my backpack?","1. Dear students!
2. 19
3. No clear text
4. To close them
5. Students
6. ZUBLIN
7. No
8. None visible",,0.85
wash_hands_day_seg_003,12,event,event_navigation,What direction do I turn to enter the room with the computer desk?,Left,,0.85
wash_hands_day_seg_003,13,event,event_non_common,Did the paper towel dispenser release towels without me pulling them?,No,,0.85
wash_hands_day_seg_003,14,event,event_object_recognition,What object am I pulling a towel from?,Paper towel dispenser,,0.85
wash_hands_day_seg_003,15,event,event_scene_sequence,What is the final action I perform in the video?,Sitting down at the desk,,0.85
wash_hands_day_seg_003,16,event,event_spatial_reasoning,Where is the trash can located relative to the towel dispenser?,Directly below it,,0.85
wash_hands_day_seg_003,17,depth,depth_action,What action am I performing before leaving the bathroom?,Drying my hands.,,0.65
wash_hands_day_seg_003,18,depth,depth_counting,How many monitors are visible when I sit back down?,Two.,,0.65
wash_hands_day_seg_003,19,depth,depth_dynamic_counting,How many people are seen in the hallway during the return?,Zero.,,0.65
wash_hands_day_seg_003,20,depth,depth_dynamic_recognition,Does any person approach me at close range in this segment?,No.,,0.65
wash_hands_day_seg_003,21,depth,depth_navigation,Does the path back to the desk involve any turns?,"Yes, turning away from the sink.",,0.65
wash_hands_day_seg_003,22,depth,depth_non_common,Are there any floating objects in the office area at the end?,No.,,0.65
wash_hands_day_seg_003,23,depth,depth_object_recognition,What shape is the towel dispenser mounted on the wall?,Boxy or rectangular.,,0.65
wash_hands_day_seg_003,24,depth,depth_scene_sequence,What is the final room reached in the sequence?,The office.,,0.65
wash_hands_day_seg_003,25,depth,depth_spatial_reasoning,Is the office desk closer or farther than the hallway walls as I return?,Farther.,,0.65
wash_hands_day_seg_003,26,ir,action,1. What is my first action after washing hands? 2. Where do I throw the paper towel? 3. What path do I take to get back to the office? 4. What is the last action I perform? 5. Which object do I use to dry my hands? 6. In which frame do I sit down? 7. Did I use an air dryer or paper towels? 8. What is the purpose of returning to the desk?,1. Drying hands. 2. In the trash bin. 3. Through the hallway. 4. Sitting down. 5. Paper towel. 6. Frame 3630. 7. Paper towels. 8. To resume tasks/work.,,0.75
wash_hands_day_seg_003,27,ir,counting,1. How many paper towel dispensers are used? 2. How many trash bins are near the sink? 3. How many chairs are in the office at the end? 4. How many monitors are on the main desk? 5. How many fire extinguishers are passed in the hallway? 6. How many paper towels did I take? 7. How many doors did I go through to get back? 8. How many computers are visible? 9. How many keyboards are on the desk? 10. How many faucets were in the bathroom?,1. One. 2. One. 3. Three. 4. One. 5. One. 6. One. 7. One. 8. One. 9. One. 10. One.,,0.75
wash_hands_day_seg_003,28,ir,dynamic_counting,1. Did anyone walk toward me in the hallway? 2. Did anyone else sit at the desks? 3. How many people were seen through the office windows? 4. Did any dynamic objects move on the desk? 5. Were there any cars seen outside? 6. Did the office door move independently? 7. How many dynamic human counts were there? 8. Did any animals cross the path?,1. No. 2. No. 3. None. 4. No. 5. No. 6. No. 7. Zero. 8. No.,,0.75
wash_hands_day_seg_003,29,ir,dynamic_recognition,1. When is the paper towel removed? 2. When do I leave the bathroom? 3. Did a new object appear in the hallway? 4. Did the office chair move before I sat down? 5. Has the bathroom door been fully closed? 6. Did any movement occur on the computer screen? 7. Was there any change in the fire extinguisher's position? 8. Did anything enter the hallway through a different door?,1. Frame 2580. 2. Frame 2910. 3. No. 4. No. 5. Yes. 6. No. 7. No. 8. No.,,0.75
wash_hands_day_seg_003,30,ir,light_change,1. Is the office brighter than the hallway? 2. Does it get darker when I sit down? 3. Does the camera adjust to the window light? 4. Are the lights in the office turned on? 5. Is there a reflection on the office monitors? 6. Does the floor reflect light from the windows? 7. Is the hallway lighting uniform? 8. Does the bathroom door block light when closed?,1. Yes. 2. No. 3. Yes. 4. Not obviously. 5. Yes. 6. Yes. 7. Mostly. 8. Yes.,,0.75
wash_hands_day_seg_003,31,ir,light_recongnition,What is the brightest light source at the end of the segment?,Office windows.,,0.75
wash_hands_day_seg_003,32,ir,navigation,1. Which way do I turn to find the paper towels? 2. How do I get back to the office? 3. What is the distance from the bathroom to the office? 4. Which side of the hallway is the office on during return? 5. How many turns do I make in the hallway? 6. What direction do I turn to enter the office? 7. How many steps to reach the desk from the office entrance? 8. What direction am I facing when I sit down? 9. Is the fire extinguisher on my right or left when walking back? 10. Which room is at the end of the hallway?,1. Left. 2. Walk back through the hallway. 3. About 15 steps. 4. Right. 5. One major turn. 6. Right. 7. About 5 steps. 8. Facing the monitor. 9. Right. 10. The office.,,0.75
wash_hands_day_seg_003,33,ir,non_common,Is the chair positioned correctly in front of the desk?,Yes.,,0.75
wash_hands_day_seg_003,34,ir,object_recognition,Where is the paper towel dispenser located relative to the sink?,To the left.,,0.75
wash_hands_day_seg_003,35,ir,scene_sequence,1. Where do I go after rinsing my hands? 2. What do I do with the paper towel? 3. What room do I exit to reach the hallway? 4. What is the sequence of rooms in the return trip? 5. What object do I pass again in the hallway? 6. Where does the video end? 7. Did I turn off the bathroom light? 8. Did I close the office door? 9. Which room connects the bathroom and the office? 10. What is my final action in the video?,"1. To the paper towel dispenser. 2. Throw it in the bin. 3. The bathroom. 4. Bathroom, hallway, office. 5. Fire extinguisher. 6. At the desk. 7. No. 8. It was already open. 9. Hallway. 10. Sitting in the chair.",,0.75
wash_hands_day_seg_003,36,ir,spatial_reasoning,How many steps away is the paper towel dispenser from my position at the sink?,About one step.,,0.75
wash_hands_day_seg_003,37,ir,text_recognition,1. Is there a sign near the toilet? 2. What does the sign near the dispenser say? 3. Is the room number visible when I exit? 4. Which frame shows the exit sign most clearly? 5. Is there text on the paper towel dispenser? 6. Does the sign on the door appear again? 7. What is the room label seen in the hallway? 8. Are there any signs in the main office area?,"1. Yes. 2. PLEASE FLUSH THE TOILET. 3. Yes. 4. Frame 2970. 5. Yes, small markings. 6. Yes. 7. 02.B.29. 8. None are clear.",,0.75
wash_hands_day_seg_003,38,audio,audio_sound_source_identification,What sound is prominent as the person finishes at the sink?,The crisp rustling and tearing sound of paper towels being used to dry hands.,01:21 - 01:33,0.8
wash_hands_night_seg_001,0,rgb,action,What is the primary activity being performed with the mailbox?,"Accessing the mailbox with a key, likely to retrieve or check mail",,0.45
wash_hands_night_seg_001,1,rgb,counting,How many main mailbox sections are visible in the mailbox area?,2 sections - one grey and one vibrant green,,0.45
wash_hands_night_seg_001,2,rgb,dynamic_counting,What dynamic action occurs with the mailbox in this video?,A blue-gloved hand approaches and interacts with the mailbox,,0.45
wash_hands_night_seg_001,3,rgb,dynamic_recognition,What dynamic action involving the hand appears in the mailbox area?,A blue-gloved hand approaches and appears to insert something into the mailbox,,0.45
wash_hands_night_seg_001,4,rgb,light_change,Did the lighting change significantly when moving from the hallway to the outdoor mailbox area?,"Yes, there was a dramatic increase in brightness from the very dim hallway to the bright LED-lit outdoor area",,0.45
wash_hands_night_seg_001,5,rgb,light_recongnition,What types of light sources are visible in the outdoor mailbox area?,Recessed linear LED ceiling lights creating bright white streaks,,0.45
wash_hands_night_seg_001,6,rgb,navigation,In which direction do I turn after passing through the first door?,I walk straight ahead into the corridor.,,0.45
wash_hands_night_seg_001,7,rgb,non_common,Are there any unusual design elements visible in the mailbox area?,"Yes, one mailbox section is painted vibrant green which contrasts sharply with the standard metallic grey sections",,0.45
wash_hands_night_seg_001,8,rgb,object_recognition,What kind of light sources are visible in the room before I reach the door?,Computer tower LED strips and monitors.,,0.45
wash_hands_night_seg_001,9,rgb,scene_sequence,What is the sequence of major areas passed through in this video?,"Bedroom, hallway, outdoor walkway, and mailbox area",,0.45
wash_hands_night_seg_001,10,rgb,spatial_reasoning,Which room section is closest to the mailbox area when exiting through the blue door?,The hallway and staircase area,,0.45
wash_hands_night_seg_001,11,rgb,text_recognition,What is the specific room code shown on the door label?,02.B.20,,0.45
wash_hands_night_seg_001,12,event,event_action,What am I doing throughout this segment?,Walking to the bathroom.,,0.9
wash_hands_night_seg_001,13,event,event_counting,How many total door frames do I pass through during this navigation?,Two.,,0.9
wash_hands_night_seg_001,14,event,event_dynamic_counting,How many other moving people pass by me in the hallway?,Zero.,,0.9
wash_hands_night_seg_001,15,event,event_dynamic_recognition,Does any object in the scene move on its own while I am walking?,No.,,0.9
wash_hands_night_seg_001,16,event,event_navigation,What is the general direction of my path through the hallway?,Straight forward.,,0.9
wash_hands_night_seg_001,17,event,event_non_common,Are there any physically implausible events occurring as I walk?,No.,,0.9
wash_hands_night_seg_001,18,event,event_object_recognition,What primary rectangular structure do I navigate through in the first half of this segment?,A doorway.,,0.9
wash_hands_night_seg_001,19,event,event_scene_sequence,Which environment do I enter immediately after walking through the hallway?,The bathroom.,,0.9
wash_hands_night_seg_001,20,event,event_spatial_reasoning,"In relation to the walls, where is the doorway located as I walk down the hallway?",In front.,,0.9
wash_hands_night_seg_001,21,depth,depth_action,What is my primary action indicated by the changing depth of the doorway?,Walking toward and through it.,,0.65
wash_hands_night_seg_001,22,depth,depth_counting,How many monitor volumes are identifiable in the first room?,Two.,,0.65
wash_hands_night_seg_001,23,depth,depth_dynamic_counting,How many moving objects pass across my path in the corridor?,Zero.,,0.65
wash_hands_night_seg_001,24,depth,depth_dynamic_recognition,When does the doorway reach its closest depth range before I pass through it?,Around 25 seconds.,,0.65
wash_hands_night_seg_001,25,depth,depth_navigation,How does the 3D layout indicate a path to the bathroom?,Through a doorway gap in the walls.,,0.65
wash_hands_night_seg_001,26,depth,depth_non_common,Are there any objects that appear to be floating unnaturally in the corridor?,No.,,0.65
wash_hands_night_seg_001,27,depth,depth_object_recognition,What is the relative depth ordering of the desk and the monitors in the first room?,The monitors are positioned slightly further back than the front edge of the desk.,,0.65
wash_hands_night_seg_001,28,depth,depth_scene_sequence,What is the sequence of navigable spaces I move through before reaching the bathroom?,Office room then a doorway.,,0.65
wash_hands_night_seg_001,29,depth,depth_spatial_reasoning,Where is the sink located relative to the mirror as I enter the bathroom?,The sink is in front of the mirror plane.,,0.65
wash_hands_night_seg_001,30,ir,action,What is my primary action during this segment?,Walking.,,0.85
wash_hands_night_seg_001,31,ir,counting,How many thermally bright computer monitors are seen at the start?,Two.,,0.85
wash_hands_night_seg_001,32,ir,dynamic_counting,How many people besides me are moving in the hallway?,None.,,0.85
wash_hands_night_seg_001,33,ir,dynamic_recognition,When does the camera stop moving toward the bathroom door?,Around frame 930.,,0.85
wash_hands_night_seg_001,34,ir,light_change,Does the environment get brighter or darker as I enter the hallway?,Darker.,,0.85
wash_hands_night_seg_001,35,ir,light_recongnition,What is the main source of light and heat visible in the first room?,Monitor screens.,,0.85
wash_hands_night_seg_001,36,ir,navigation,Which way should I walk from the monitors to reach the hallway?,Straight forward.,,0.85
wash_hands_night_seg_001,37,ir,non_common,Are there any floating objects that violate physical laws in this segment?,No.,,0.85
wash_hands_night_seg_001,38,ir,object_recognition,What objects exhibit the highest thermal contrast at the start of this sequence?,Computer monitors.,,0.85
wash_hands_night_seg_001,39,ir,scene_sequence,Which area do I pass through between the office and the bathroom?,A hallway.,,0.85
wash_hands_night_seg_001,40,ir,spatial_reasoning,Where are the monitors located in relation to the desks?,On top of them.,,0.85
wash_hands_night_seg_001,41,ir,text_recognition,What two-letter thermal pattern is visible on the door at the end of the hallway?,WC.,,0.85
wash_hands_night_seg_001,42,audio,audio_environment_spatial_context,How does the sound indicate a change in the environment?,"The footsteps change from muffled thuds on carpet to clear, resonant strikes on tile, indicating the person has moved from a bedroom or hallway into a bathroom.",00:00 - 00:34,0.8
wash_hands_night_seg_001,43,audio,audio_sound_source_identification,What sequence of sound events marks the transition between rooms?,"The sequence starts with soft footsteps on carpet, followed by the mechanical click and creak of a door opening, ending with the higher-pitched sound of footsteps on a hard surface.",00:00 - 00:34,0.8
wash_hands_night_seg_002,0,rgb,action,What is the first step I take after turning on the water?,I wet my hands.,,0.45
wash_hands_night_seg_002,1,rgb,counting,How many faucets are in the sink I am using?,One.,,0.45
wash_hands_night_seg_002,2,rgb,dynamic_counting,What dynamic action occurs with the mailbox in this video?,A blue-gloved hand approaches and interacts with the mailbox,,0.45
wash_hands_night_seg_002,3,rgb,dynamic_recognition,What dynamic action involving the hand appears in the mailbox area?,A blue-gloved hand approaches and appears to insert something into the mailbox,,0.45
wash_hands_night_seg_002,4,rgb,light_change,Did the lighting change significantly when moving from the hallway to the outdoor mailbox area?,"Yes, there was a dramatic increase in brightness from the very dim hallway to the bright LED-lit outdoor area",,0.45
wash_hands_night_seg_002,5,rgb,light_recongnition,What types of light sources are visible in the outdoor mailbox area?,Recessed linear LED ceiling lights creating bright white streaks,,0.45
wash_hands_night_seg_002,6,rgb,navigation,How would you navigate from the mailbox area back to the bedroom?,"Retrace steps by moving back to the outdoor walkway, enter the hallway, and go through the blue door back to the bedroom",,0.45
wash_hands_night_seg_002,7,rgb,non_common,Are there any unusual design elements visible in the mailbox area?,"Yes, one mailbox section is painted vibrant green which contrasts sharply with the standard metallic grey sections",,0.45
wash_hands_night_seg_002,8,rgb,object_recognition,What color is the soap inside the wall-mounted dispenser?,Pink.,,0.45
wash_hands_night_seg_002,9,rgb,scene_sequence,What is the sequence of major areas passed through in this video?,"Bedroom, hallway, outdoor walkway, and mailbox area",,0.45
wash_hands_night_seg_002,10,rgb,spatial_reasoning,Which room section is closest to the mailbox area when exiting through the blue door?,The hallway and staircase area,,0.45
wash_hands_night_seg_002,11,rgb,text_recognition,What are the visible mailbox numbers shown in the video?,"1'233, 1'234, and 1'235",,0.45
wash_hands_night_seg_002,12,event,event_action,Which specific objects am I interacting with to clean my hands?,Faucet and water.,,0.9
wash_hands_night_seg_002,13,event,event_counting,How many hands are involved in the washing activity?,Two.,,0.9
wash_hands_night_seg_002,14,event,event_dynamic_counting,How many times do my hands come together and separate while washing?,About twenty times.,,0.9
wash_hands_night_seg_002,15,event,event_dynamic_recognition,What dynamic interaction is happening in the center of the frame?,Hands washing together.,,0.9
wash_hands_night_seg_002,16,event,event_navigation,Am I moving between rooms during this hand-washing task?,No.,,0.9
wash_hands_night_seg_002,17,event,event_non_common,Does the water appear to flow in an unusual direction?,No.,,0.9
wash_hands_night_seg_002,18,event,event_object_recognition,What vertical moving column appears in the sink after I move my hand near the faucet?,Running water.,,0.9
wash_hands_night_seg_002,19,event,event_scene_sequence,What is the very first thing I do once I reach the sink?,Reach for the faucet.,,0.9
wash_hands_night_seg_002,20,event,event_spatial_reasoning,Where are my hands located relative to the water stream?,Under it.,,0.9
wash_hands_night_seg_002,21,depth,depth_action,What action am I performing with the two volumes in the foreground?,Washing hands.,,0.65
wash_hands_night_seg_002,22,depth,depth_counting,How many hands are visible interacting in the depth foreground?,Two.,,0.65
wash_hands_night_seg_002,23,depth,depth_dynamic_counting,How many dynamic objects are moving within the sink area?,Two hands.,,0.65
wash_hands_night_seg_002,24,depth,depth_dynamic_recognition,When do the hands move closest to the camera?,Periodically throughout the washing process.,,0.65
wash_hands_night_seg_002,25,depth,depth_navigation,Is there a navigable path visible past the sink in this segment?,"No, the path is blocked by the sink and wall.",,0.65
wash_hands_night_seg_002,26,depth,depth_non_common,"Does the running water appear as a solid, stable 3D object?","No, it is a fuzzy artifact.",,0.65
wash_hands_night_seg_002,27,depth,depth_object_recognition,What is the shape of the main object directly below my hands?,A concave sink basin.,,0.65
wash_hands_night_seg_002,28,depth,depth_scene_sequence,Does the room layout change during this hand-washing activity?,"No, it remains static.",,0.65
wash_hands_night_seg_002,29,depth,depth_spatial_reasoning,What is the spatial relationship between the faucet and the sink basin?,The faucet is above the basin.,,0.65
wash_hands_night_seg_002,30,ir,action,What am I doing at the sink? What object do I interact with before washing? Why am I rubbing my hands? What is on my head? What am I wearing? Am I using the toilet? What is coming out of the faucet? What part of my body is being cleaned?,Washing hands; Soap dispenser; To clean/rinse them; A helmet; A white jacket; No; Water; Hands.,,0.85
wash_hands_night_seg_002,31,ir,counting,How many sinks are in the bathroom? How many toilets are visible? How many light switches are on the wall? How many faucets are on the sink? How many soap dispensers are mounted? How many QR code stickers are there? How many mirrors are in the room? How many doors did I pass in the hallway before entering? How many male restroom icons are on the entrance door? How many paper signs are on the stall wall?,One; One; One; One; One; One; One; At least four; One; One.,,0.85
wash_hands_night_seg_002,32,ir,dynamic_counting,How many water streams are flowing from the tap? How many people are walking past me in the hallway? How many objects fall during the video? How many doors open on their own? How many cars are seen? How many animals appear? How many other people are in the mirror? How many dispensers am I using?,One; Zero; Zero; Zero; Zero; Zero; Zero; One.,,0.85
wash_hands_night_seg_002,33,ir,dynamic_recognition,When does the water start flowing? When do I reach for the soap dispenser? At what frame do I enter the bathroom? Has the door closed behind me? When do I look in the mirror? Are my hands moving under the tap? Did a new object appear in the sink? Is the faucet being turned off?,Frame 1770; Frame 1650; Frame 1380; Yes; Frame 1530; Yes; No; No.,,0.85
wash_hands_night_seg_002,34,ir,light_change,Did the lights turn on or off after the initial sequence? Is the light level changing in the bathroom? Did the hallway get darker as I walked? Is there a light source approaching me? Did a flashlight pass by? Is it getting brighter at the sink? Does the mirror reflect a changing light? Are the lights dimming at the end?,No; No; No; No; No; No; No; No.,,0.85
wash_hands_night_seg_002,35,ir,light_recongnition,What is the shape of the light switch seen in the bathroom?,Rectangular.,,0.85
wash_hands_night_seg_002,36,ir,navigation,Which way do I turn after entering to reach the sink? How many steps do I take in the hallway? Which side is the bathroom door on? How many steps are between the toilet and the sink? How do I open the door? Do I turn left or right to enter the bathroom? Where is the mirror? How do I reach the dispenser from the sink? Is the bathroom at the end of the hall? How many steps to the toilet?,Right; Approximately ten; Right; One; Turn the handle and push; Right; Above the sink; Reach to the right; No; Two.,,0.85
wash_hands_night_seg_002,37,ir,non_common,What is unusual about the subject's attire in the bathroom?,Wearing a helmet with a camera.,,0.85
wash_hands_night_seg_002,38,ir,object_recognition,What symbol is identified on the door I enter halfway through the video?,Male restroom icon.,,0.85
wash_hands_night_seg_002,39,ir,scene_sequence,What is the sequence of scenes I pass through? What do I see immediately after entering the door? What room am I in after the hallway? Where do I go after seeing the toilet? What is the last scene in the video? What was the first visible scene? Did I pass a kitchen? What room is the sink in? What is the environment before the sink? Did I see a bed?,"Darkness, hallway, bathroom interior; A toilet; Bathroom; Toward the sink; Washing hands at the sink; A hallway; No; Bathroom; Bathroom stall interior; No.",,0.85
wash_hands_night_seg_002,40,ir,spatial_reasoning,Where is the light switch located relative to the hand sanitizer dispenser?,To the right.,,0.85
wash_hands_night_seg_002,41,ir,text_recognition,What is the text on the sign taped to the bathroom wall? What is the male icon on the door? Where is the QR code sticker located? What three letters are on the QR code sticker? In which frame is the male icon first clearly visible? What is the purpose of the sign on the wall? How many signs are in the bathroom? What is the shape of the male icon sign?,PLEASE FLUSH THE TOILET; A male silhouette symbol; Below the restroom icon; WCH; Frame 1320; Hygiene reminder; One; Square.,,0.85
wash_hands_night_seg_002,42,audio,audio_sound_source_identification,What specific sound indicates the start of the hand-washing task?,"The sudden rush of water hitting the sink basin, preceded by the mechanical sound of the faucet handle being lifted or turned.",00:34 - 01:26,0.8
wash_hands_night_seg_002,43,audio,audio_temporal_analysis,For how long is the water running during this hand-washing segment?,"The water starts at 00:34 and stops at 01:24, making the duration of the running water approximately 50 seconds.",00:34 - 01:26,0.8
wash_hands_night_seg_003,0,rgb,action,What color does the electronic lock flash when I present my card?,Green.,,0.45
wash_hands_night_seg_003,1,rgb,counting,How many main mailbox sections are visible in the mailbox area?,2 sections - one grey and one vibrant green,,0.45
wash_hands_night_seg_003,2,rgb,dynamic_counting,What dynamic action occurs with the mailbox in this video?,A blue-gloved hand approaches and interacts with the mailbox,,0.45
wash_hands_night_seg_003,3,rgb,dynamic_recognition,What dynamic action involving the hand appears in the mailbox area?,A blue-gloved hand approaches and appears to insert something into the mailbox,,0.45
wash_hands_night_seg_003,4,rgb,light_change,Did the lighting change significantly when moving from the hallway to the outdoor mailbox area?,"Yes, there was a dramatic increase in brightness from the very dim hallway to the bright LED-lit outdoor area",,0.45
wash_hands_night_seg_003,5,rgb,light_recongnition,What types of light sources are visible in the outdoor mailbox area?,Recessed linear LED ceiling lights creating bright white streaks,,0.45
wash_hands_night_seg_003,6,rgb,navigation,How would you navigate from the mailbox area back to the bedroom?,"Retrace steps by moving back to the outdoor walkway, enter the hallway, and go through the blue door back to the bedroom",,0.45
wash_hands_night_seg_003,7,rgb,non_common,Are there any unusual design elements visible in the mailbox area?,"Yes, one mailbox section is painted vibrant green which contrasts sharply with the standard metallic grey sections",,0.45
wash_hands_night_seg_003,8,rgb,object_recognition,What is the color of the door I pass through to exit the room and enter the dark hallway?,Blue,,0.45
wash_hands_night_seg_003,9,rgb,scene_sequence,Which room do I enter at the very end of the video?,The office room.,,0.45
wash_hands_night_seg_003,10,rgb,spatial_reasoning,Where is the paper towel dispenser located relative to the sink?,To the left on the wall.,,0.45
wash_hands_night_seg_003,11,rgb,text_recognition,What are the visible mailbox numbers shown in the video?,"1'233, 1'234, and 1'235",,0.45
wash_hands_night_seg_003,12,event,event_action,What action am I performing with the towel?,Drying my hands.,,0.9
wash_hands_night_seg_003,13,event,event_counting,How many monitors can be counted at the desk when I return?,Three.,,0.9
wash_hands_night_seg_003,14,event,event_dynamic_counting,Are there any pets or other people moving in the hallway on my way back?,No.,,0.9
wash_hands_night_seg_003,15,event,event_dynamic_recognition,Does the water start running again after I dry my hands?,No.,,0.9
wash_hands_night_seg_003,16,event,event_navigation,Which way do I turn to leave the sink and begin my return?,About 180 degrees.,,0.9
wash_hands_night_seg_003,17,event,event_non_common,Do I walk through any walls or solid objects during the return trip?,No.,,0.9
wash_hands_night_seg_003,18,event,event_object_recognition,What object do I interact with after turning off the water?,A towel.,,0.9
wash_hands_night_seg_003,19,event,event_scene_sequence,What is the final destination I reach at the end of the video?,The PC room.,,0.9
wash_hands_night_seg_003,20,event,event_spatial_reasoning,What happens to the size of the sink in my view as I start walking back?,It gets smaller.,,0.9
wash_hands_night_seg_003,21,depth,depth_action,What is my final intended action based on the approaching chair volume?,Sitting down.,,0.65
wash_hands_night_seg_003,22,depth,depth_counting,How many monitors are visible when I sit back down?,Two.,,0.65
wash_hands_night_seg_003,23,depth,depth_dynamic_counting,How many people do I pass in the corridor on my way back?,Zero.,,0.65
wash_hands_night_seg_003,24,depth,depth_dynamic_recognition,At what point do the monitors become the most prominent objects in the depth field again?,Near the very end.,,0.65
wash_hands_night_seg_003,25,depth,depth_navigation,What landmark guides my navigation back to the original room?,The desk setup.,,0.65
wash_hands_night_seg_003,26,depth,depth_non_common,Are there any depth artifacts that make the chair appear to intersect the floor?,No.,,0.65
wash_hands_night_seg_003,27,depth,depth_object_recognition,What objects become visible as I return to the original room?,"Desk, monitors, and chair.",,0.65
wash_hands_night_seg_003,28,depth,depth_scene_sequence,In what order do I pass through the spaces to return to the desk?,"Bathroom, doorway, then office.",,0.65
wash_hands_night_seg_003,29,depth,depth_spatial_reasoning,Where is the chair relative to the desk at the end of the video?,In front of the desk.,,0.65
wash_hands_night_seg_003,30,ir,action,What am I doing at the start of this segment?,Drying hands.,,0.85
wash_hands_night_seg_003,31,ir,counting,How many sinks are visible in the bathroom?,One.,,0.85
wash_hands_night_seg_003,32,ir,dynamic_counting,How many other students are walking in the hallway during my return?,Zero.,,0.85
wash_hands_night_seg_003,33,ir,dynamic_recognition,During which frames am I using the keycard on the door?,Frames 3450 to 3660.,,0.85
wash_hands_night_seg_003,34,ir,light_change,Does it get darker or brighter when I step into the hallway from the bathroom?,Darker.,,0.85
wash_hands_night_seg_003,35,ir,light_recongnition,What bright light source is visible at the very end of the hallway?,PC monitors.,,0.85
wash_hands_night_seg_003,36,ir,navigation,What action must I take to unlock the office door?,Swipe a keycard.,,0.85
wash_hands_night_seg_003,37,ir,non_common,Is the paper towel dispenser placed in an unreachable location?,No.,,0.85
wash_hands_night_seg_003,38,ir,object_recognition,What object is used to interact with the door lock to leave or enter rooms?,A keycard.,,0.85
wash_hands_night_seg_003,39,ir,scene_sequence,What is the last room I enter in this video?,The computer lab.,,0.85
wash_hands_night_seg_003,40,ir,spatial_reasoning,Where is the soap dispenser located relative to the sink?,Above it.,,0.85
wash_hands_night_seg_003,41,ir,text_recognition,What does the sign on the wall near the sink request?,Please flush the toilet.,,0.85
wash_hands_night_seg_003,42,audio,audio_event_occurrence_detection,At what point does the person finish drying their hands and start walking away?,The hand-drying rustling stops and the sound of footsteps on the hard floor begins at approximately 01:46.,01:26 - 02:18.5,0.8
wash_hands_night_seg_003,43,audio,audio_sound_source_identification,"What sound follows the water being turned off, and what does it represent?","A soft rustling sound follows, which represents the person drying their hands with a towel or paper.",01:26 - 02:18.5,0.8
